/*
*---------------------------------------------------------------
*                        Lvgl Font Tool                         
*                                                               
* 注:使用unicode编码                                              
* 注:本字体文件由Lvgl Font Tool V0.4 生成                          
* 作者:阿里(qq:617622104)                                         
*---------------------------------------------------------------
*/

#if !defined(VG_ONLY) && !defined(AWTK)

#include "lvgl/lvgl.h"


static const uint8_t glyph_bitmap[] = {
/* 
 */



/*   */



/* ! */
0x0c,0x90,  //+@%.
0x1f,0xd0,  //+@@.
0x1f,0xd0,  //+@@.
0x0e,0xc0,  //+@@.
0x0d,0xa0,  //.@%.
0x0b,0x80,  //.@%.
0x0a,0x70,  //.%*.
0x08,0x50,  //.%*.
0x07,0x50,  //.%*.
0x07,0x40,  //.**.
0x07,0x40,  //.**.
0x00,0x00,  //....
0x00,0x00,  //....
0x00,0x00,  //....
0x1d,0xb0,  //+@@+
0x5f,0xf2,  //*@@+
0x1d,0xb0,  //+@@+


/* " */
0x00,0x07,0xd1,0x0b,0xb0,  //...%@++%%.
0x00,0x2e,0xe2,0x6f,0xd0,  //..+@@+*@@+
0x00,0xaf,0x60,0xde,0x30,  //..%@*+@@+.
0x02,0xe6,0x06,0xe3,0x00,  //.+@*.*@+..
0x0a,0x70,0x0d,0x40,0x00,  //.%*.+@*...
0x28,0x00,0x64,0x00,0x00,  //+%..**....
0x00,0x00,0x00,0x00,0x00,  //+...+.....


/* # */
0x00,0x07,0x50,0x00,0x47,0x00,  //...**...*%..
0x00,0x08,0x40,0x00,0x56,0x00,  //...%*...**..
0x00,0x09,0x30,0x00,0x65,0x00,  //...%+...**..
0x00,0x0a,0x20,0x00,0x74,0x00,  //...%+...%*..
0x2f,0xff,0xff,0xff,0xff,0xf0,  //+@@@@@@@@@@+
0x2f,0xff,0xff,0xff,0xff,0xf0,  //+@@@@@@@@@@+
0x00,0x0c,0x00,0x00,0xa1,0x00,  //...@+...%+..
0x00,0x0c,0x00,0x00,0xc0,0x00,  //..+@....@+..
0x00,0x1b,0x00,0x00,0xc0,0x00,  //..+%....@...
0x00,0x39,0x00,0x01,0xb0,0x00,  //..+%...+@...
0x2f,0xff,0xff,0xff,0xff,0xf0,  //+@@@@@@@@@@+
0x2f,0xff,0xff,0xff,0xff,0xf0,  //+@@@@@@@@@@+
0x00,0x66,0x00,0x03,0x80,0x00,  //..**...*%...
0x00,0x75,0x00,0x04,0x70,0x00,  //..**...*%...
0x00,0x84,0x00,0x05,0x60,0x00,  //..%*...**...
0x00,0x93,0x00,0x07,0x50,0x00,  //..%+...**...


/* $ */
0x00,0x00,0x57,0x00,0x00,  //....**....
0x00,0x00,0x57,0x00,0x00,  //....**....
0x00,0x19,0xee,0xc5,0x00,  //..+%@@@*..
0x02,0xd7,0x67,0x3e,0x60,  //.+@%***@*.
0x0a,0xa0,0x57,0x0c,0xb0,  //.%%.**+@@.
0x0d,0x70,0x57,0x2e,0x80,  //.@%.**+@%.
0x0b,0xb0,0x57,0x00,0x00,  //.@@+**....
0x05,0xf9,0x67,0x00,0x00,  //.*@%**....
0x00,0x8f,0xe7,0x00,0x00,  //..%@@%....
0x00,0x06,0xee,0x50,0x00,  //...*@@*...
0x00,0x00,0x6e,0xf5,0x00,  //....*@@*..
0x00,0x00,0x57,0xae,0x30,  //....*%%@+.
0x00,0x00,0x57,0x0d,0xb0,  //....**+@@.
0x1d,0x90,0x57,0x07,0xe0,  //+@%.**.*@+
0x5f,0xb0,0x57,0x06,0xe0,  //*@%.**.*@.
0x3f,0x50,0x57,0x09,0xb0,  //+@*.**.%%.
0x0a,0xb2,0x58,0x6e,0x30,  //.%@+*%*@+.
0x00,0x6c,0xee,0x91,0x00,  //.+*@@@%+..
0x00,0x00,0x57,0x00,0x00,  //....**....
0x00,0x00,0x57,0x00,0x00,  //....**....


/* % */
0x05,0xec,0x20,0x00,0x54,0x00,  //.*@@+...**..
0x1d,0x26,0xa0,0x00,0xb0,0x00,  //+@+*%...%+..
0x69,0x00,0xe1,0x03,0x70,0x00,  //*%.+@+.+%...
0x98,0x00,0xd3,0x09,0x10,0x00,  //%%..@+.%+...
0xa7,0x00,0xd4,0x19,0x00,0x00,  //%%..@*+%....
0x98,0x00,0xd3,0x73,0x00,0x00,  //%%..@*%+....
0x79,0x00,0xe2,0xa0,0x00,0x00,  //*%.+@+%.....
0x2e,0x26,0xc5,0x54,0xdc,0x20,  //+@+*@***@@+.
0x06,0xed,0x3a,0x0d,0x35,0xc0,  //.*@@+%+@**@.
0x00,0x00,0x37,0x5c,0x00,0xe2,  //....+%*@.+@+
0x00,0x00,0x91,0x79,0x00,0xc5,  //....%+%%..@*
0x00,0x01,0x90,0x99,0x00,0xb6,  //...+%.%%..@*
0x00,0x07,0x30,0x89,0x00,0xc5,  //...*+.%%..@*
0x00,0x0a,0x00,0x5b,0x00,0xd3,  //..+%..*%..@+
0x00,0x45,0x00,0x0d,0x35,0xd0,  //..**..+@+*@.
0x00,0x80,0x00,0x04,0xdd,0x30,  //..%+...*@@+.


/* & */
0x00,0x07,0xdd,0x50,0x00,0x00,  //..+%@@*.....
0x00,0x6b,0x15,0xe1,0x00,0x00,  //..*@+*@+....
0x00,0xc5,0x00,0xf4,0x00,0x00,  //..@*.+@*....
0x00,0xd4,0x00,0xf3,0x00,0x00,  //..@*.+@+....
0x00,0xc6,0x03,0xd0,0x00,0x00,  //..@*.+@+....
0x00,0xa9,0x0a,0x8f,0xff,0x80,  //..%%.%%@@@%.
0x00,0x7e,0x95,0x00,0xe5,0x00,  //..*@%*.+@*+.
0x00,0x8f,0x60,0x00,0xc0,0x00,  //..%@*...@+..
0x07,0x6b,0xc0,0x00,0xb0,0x00,  //.**@@+..@...
0x2d,0x04,0xf6,0x00,0x90,0x00,  //+@+*@*.+%...
0x7b,0x00,0xbe,0x14,0x60,0x00,  //%%..@@+**...
0xaa,0x00,0x3e,0xca,0x20,0x00,  //%%..+@@%+...
0x9c,0x00,0x07,0xfc,0x00,0x00,  //%@...*@@....
0x6e,0x10,0x00,0xce,0x30,0x06,  //*@+...@@+.+*
0x0c,0xc3,0x05,0x8b,0xd2,0x63,  //+@@++*%@@+**
0x01,0xae,0xd6,0x01,0xbe,0x70,  //.+%@@*++@@%.


/* ' */
0x1d,0xc1,  //+@@+
0x2e,0xf7,  //+@@%
0x04,0xe7,  //.*@%
0x00,0xd3,  //.+@+
0x06,0x90,  //.*%.
0x58,0x00,  //*%+.


/* ( */
0x00,0x00,0x28,  //....+%
0x00,0x02,0xb1,  //...+@+
0x00,0x0c,0x30,  //..+@+.
0x00,0x97,0x00,  //..%%..
0x03,0xd0,0x00,  //.+@+..
0x0b,0x80,0x00,  //.%%...
0x2f,0x20,0x00,  //+@+...
0x6d,0x00,0x00,  //*@....
0x9a,0x00,0x00,  //%%....
0xb9,0x00,0x00,  //@%....
0xc8,0x00,0x00,  //@%....
0xb9,0x00,0x00,  //@%....
0xaa,0x00,0x00,  //%%....
0x7d,0x00,0x00,  //*@....
0x2f,0x20,0x00,  //+@+...
0x0b,0x70,0x00,  //.@%...
0x04,0xd0,0x00,  //.*@+..
0x00,0xa7,0x00,  //..%%..
0x00,0x1c,0x20,  //..+@+.
0x00,0x02,0xc1,  //...+@+
0x00,0x00,0x38,  //....+%


/* ) */
0x91,0x00,0x00,  //%+....
0x1b,0x10,0x00,  //+@+...
0x04,0xb0,0x00,  //.*@+..
0x00,0x98,0x00,  //..%%..
0x00,0x1e,0x20,  //..+@+.
0x00,0x09,0x90,  //...%%.
0x00,0x04,0xe1,  //...*@+
0x00,0x00,0xe5,  //...+@*
0x00,0x00,0xc8,  //....@%
0x00,0x00,0xaa,  //....%%
0x00,0x00,0xab,  //....%%
0x00,0x00,0xaa,  //....%%
0x00,0x00,0xc8,  //....@%
0x00,0x00,0xe5,  //...+@*
0x00,0x03,0xe1,  //...*@+
0x00,0x09,0xa0,  //...%%.
0x00,0x1e,0x30,  //..+@+.
0x00,0x98,0x00,  //..%%..
0x04,0xc0,0x00,  //.*@+..
0x1c,0x10,0x00,  //+@+...
0x92,0x00,0x00,  //%+....


/* * */
0x00,0x00,0x0a,0xa0,0x00,0x00,  //.....%%.....
0x00,0x00,0x0d,0xd0,0x00,0x00,  //.....@@.....
0x04,0x20,0x0b,0xa0,0x03,0x40,  //.*+..%%..+*.
0x1f,0xe4,0x08,0x70,0x6e,0xe0,  //+@@*.%%.*@@+
0x05,0xce,0x66,0x57,0xfb,0x40,  //.*@@***%@@*.
0x00,0x03,0x89,0x98,0x20,0x00,  //...+%%%%+...
0x00,0x02,0x89,0x98,0x20,0x00,  //...+%%%%+...
0x05,0xce,0x66,0x47,0xfb,0x40,  //.*@@***%@@*.
0x1f,0xe5,0x09,0x70,0x6e,0xe0,  //+@@*.%*.*@@+
0x04,0x10,0x0c,0x90,0x02,0x50,  //.*+..@%..+*.
0x00,0x00,0x0e,0xc0,0x00,0x00,  //....+@@.....
0x00,0x00,0x0c,0x90,0x00,0x00,  //.....@%.....


/* + */
0x00,0x00,0x48,0x00,0x00,0x00,  //....*%.....
0x00,0x00,0x48,0x00,0x00,0x00,  //....*%.....
0x00,0x00,0x48,0x00,0x00,0x00,  //....*%.....
0x00,0x00,0x48,0x00,0x00,0x00,  //....*%.....
0x00,0x00,0x48,0x00,0x00,0x00,  //....*%.....
0xef,0xff,0xff,0xff,0xff,0x30,  //@@@@@@@@@@*
0x00,0x00,0x48,0x00,0x00,0x00,  //....*%.....
0x00,0x00,0x48,0x00,0x00,0x00,  //....*%.....
0x00,0x00,0x48,0x00,0x00,0x00,  //....*%.....
0x00,0x00,0x48,0x00,0x00,0x00,  //....*%.....
0x00,0x00,0x48,0x00,0x00,0x00,  //....*%.....


/* , */
0x1d,0xc1,  //+@@+
0x2e,0xf7,  //+@@%
0x04,0xe7,  //.*@%
0x00,0xd3,  //.+@+
0x06,0x90,  //.*%.
0x58,0x00,  //*%+.


/* - */
0x3f,0xff,0xff,0xff,0xff,0xf2,  //*@@@@@@@@@@+


/* . */
0x1c,0xc1,  //+@@+
0x5f,0xf5,  //*@@*
0x1c,0xc1,  //+@@+


/* / */
0x00,0x00,0x00,0x00,0x00,0xa0,  //..........%+
0x00,0x00,0x00,0x00,0x04,0x80,  //.........*%.
0x00,0x00,0x00,0x00,0x0b,0x10,  //.........%+.
0x00,0x00,0x00,0x00,0x39,0x00,  //........+%..
0x00,0x00,0x00,0x00,0xa2,0x00,  //........%+..
0x00,0x00,0x00,0x02,0xa0,0x00,  //.......+%...
0x00,0x00,0x00,0x09,0x30,0x00,  //.......%+...
0x00,0x00,0x00,0x1b,0x00,0x00,  //......+%....
0x00,0x00,0x00,0x84,0x00,0x00,  //......%*....
0x00,0x00,0x00,0xb0,0x00,0x00,  //.....+@+....
0x00,0x00,0x07,0x50,0x00,0x00,  //.....**.....
0x00,0x00,0x0b,0x00,0x00,0x00,  //....+@+.....
0x00,0x00,0x56,0x00,0x00,0x00,  //....**......
0x00,0x00,0xb0,0x00,0x00,0x00,  //...+@+......
0x00,0x04,0x70,0x00,0x00,0x00,  //...*%.......
0x00,0x0b,0x10,0x00,0x00,0x00,  //...%+.......
0x00,0x38,0x00,0x00,0x00,0x00,  //..*%........
0x00,0xa2,0x00,0x00,0x00,0x00,  //..%+........
0x02,0x90,0x00,0x00,0x00,0x00,  //.+%.........
0x09,0x20,0x00,0x00,0x00,0x00,  //.%+.........
0x09,0x00,0x00,0x00,0x00,0x00,  //+%..........


/* 0 */
0x00,0x19,0xee,0x91,0x00,  //..+%@@%+..
0x01,0xdb,0x11,0xac,0x10,  //.+@@++%@+.
0x09,0xe1,0x00,0x0d,0x90,  //.%@+..+@%.
0x2e,0x80,0x00,0x08,0xe1,  //+@%....%@+
0x6f,0x40,0x00,0x04,0xf5,  //*@*....*@*
0xaf,0x10,0x00,0x02,0xf8,  //%@+....+@%
0xce,0x00,0x00,0x00,0xfa,  //@@.....+@%
0xcd,0x00,0x00,0x00,0xfb,  //@@.....+@@
0xcd,0x00,0x00,0x00,0xfb,  //@@.....+@@
0xce,0x00,0x00,0x00,0xfa,  //@@.....+@%
0xaf,0x10,0x00,0x02,0xf8,  //%@+....+@%
0x7f,0x30,0x00,0x04,0xf5,  //*@*....*@*
0x2f,0x80,0x00,0x08,0xe1,  //+@%....%@+
0x0a,0xd1,0x00,0x0d,0x90,  //.%@+..+@%.
0x01,0xdb,0x11,0xac,0x00,  //.+@%++%@+.
0x00,0x19,0xee,0x91,0x00,  //..+%@@%+..


/* 1 */
0x00,0x00,0x90,0x00,  //...+%...
0x00,0x29,0xc0,0x00,  //.++%@...
0x4f,0xff,0xc0,0x00,  //*@@@@...
0x00,0x0b,0xc0,0x00,  //..+@@...
0x00,0x09,0xc0,0x00,  //...%@...
0x00,0x09,0xc0,0x00,  //...%@...
0x00,0x09,0xc0,0x00,  //...%@...
0x00,0x09,0xc0,0x00,  //...%@...
0x00,0x09,0xc0,0x00,  //...%@...
0x00,0x09,0xc0,0x00,  //...%@...
0x00,0x09,0xc0,0x00,  //...%@...
0x00,0x09,0xc0,0x00,  //...%@...
0x00,0x09,0xc0,0x00,  //...%@...
0x00,0x0a,0xc0,0x00,  //...%@...
0x00,0x2d,0xe4,0x00,  //.++@@*+.
0x4f,0xff,0xff,0xf8,  //*@@@@@@%


/* 2 */
0x00,0x5b,0xee,0xc6,0x00,  //.+*@@@@*..
0x0a,0xb3,0x01,0x7f,0x70,  //+%@+++%@%.
0x4f,0x10,0x00,0x0a,0xe1,  //*@+....%@+
0x7f,0x40,0x00,0x05,0xf4,  //*@*....*@*
0x3e,0x70,0x00,0x04,0xf3,  //*@*....*@+
0x00,0x00,0x00,0x07,0xe0,  //.......%@+
0x00,0x00,0x00,0x0d,0x80,  //......+@%.
0x00,0x00,0x00,0x8b,0x00,  //......%@+.
0x00,0x00,0x04,0xb1,0x00,  //.....*@+..
0x00,0x00,0x49,0x00,0x00,  //....*%+...
0x00,0x05,0x80,0x00,0x00,  //...*%+....
0x00,0x58,0x00,0x00,0x26,  //..*%....+*
0x05,0x80,0x00,0x00,0x64,  //.*%.....**
0x39,0x00,0x00,0x03,0xd3,  //+%....++@+
0xbf,0xff,0xff,0xff,0xf1,  //@@@@@@@@@+
0xbf,0xff,0xff,0xff,0xe0,  //@@@@@@@@@+


/* 3 */
0x00,0x5b,0xed,0x91,0x00,  //..*@@@%+..
0x08,0xa2,0x03,0xcd,0x10,  //.%%+++@@+.
0x1e,0x30,0x00,0x2e,0x90,  //+@+...+@%.
0x4f,0x50,0x00,0x0c,0xc0,  //*@*....@@.
0x1d,0x50,0x00,0x0c,0xa0,  //+@*....@%.
0x00,0x00,0x00,0x2e,0x40,  //......+@*.
0x00,0x00,0x15,0xc6,0x00,  //...++*@*..
0x00,0x06,0xff,0x80,0x00,  //...*@@%+..
0x00,0x00,0x03,0x9d,0x20,  //...+++%@+.
0x00,0x00,0x00,0x0a,0xc0,  //.......%@+
0x00,0x00,0x00,0x04,0xf4,  //.......*@*
0x3d,0x40,0x00,0x03,0xf6,  //+@*....+@*
0x8f,0x70,0x00,0x05,0xf5,  //%@*....*@*
0x6f,0x40,0x00,0x0a,0xe1,  //*@*....%@+
0x0b,0xa2,0x02,0x8e,0x40,  //+@%+++%@*.
0x00,0x7d,0xed,0xa3,0x00,  //.+%@@@%+..


/* 4 */
0x00,0x00,0x00,0x04,0x50,0x00,  //.......**...
0x00,0x00,0x00,0x1d,0x90,0x00,  //......+@%...
0x00,0x00,0x00,0x9e,0x90,0x00,  //......%@%...
0x00,0x00,0x03,0x8d,0x90,0x00,  //.....*%@%...
0x00,0x00,0x0b,0x0d,0x90,0x00,  //....+%+@%...
0x00,0x00,0x74,0x0d,0x90,0x00,  //....%*.@%...
0x00,0x02,0x90,0x0d,0x90,0x00,  //...+%..@%...
0x00,0x0a,0x10,0x0d,0x90,0x00,  //..+%+..@%...
0x00,0x65,0x00,0x0d,0x90,0x00,  //..**...@%...
0x01,0xa0,0x00,0x0d,0x90,0x00,  //.+%+...@%...
0x09,0x20,0x00,0x0d,0x90,0x00,  //.%+....@%...
0x1a,0x88,0x88,0x8e,0xc8,0x81,  //+%%%%%%@@%%+
0x00,0x00,0x00,0x0d,0x90,0x00,  //.......@%...
0x00,0x00,0x00,0x0d,0x90,0x00,  //.......@%...
0x00,0x00,0x00,0x0d,0x90,0x00,  //.......@%...
0x00,0x00,0x00,0x1e,0xc0,0x00,  //......+@@+..
0x00,0x00,0x28,0x99,0x99,0x70,  //....+%%%%%*.


/* 5 */
0x07,0xff,0xff,0xff,0xf2,  //.*@@@@@@@+
0x08,0xff,0xff,0xff,0xe0,  //.%@@@@@@@+
0x09,0x20,0x00,0x00,0x00,  //.%+.......
0x09,0x10,0x00,0x00,0x00,  //.%+.......
0x0a,0x00,0x00,0x00,0x00,  //.%+.......
0x0a,0x00,0x00,0x00,0x00,  //.%........
0x0a,0x19,0xde,0xc6,0x00,  //.%+%@@@*..
0x0b,0xb4,0x00,0x6e,0x70,  //.@%*++*@%.
0x0b,0x30,0x00,0x09,0xe1,  //.@+....%@+
0x00,0x00,0x00,0x03,0xf5,  //.......*@*
0x00,0x00,0x00,0x02,0xf7,  //.......+@*
0x3e,0x50,0x00,0x02,0xf6,  //*@*....+@*
0x8f,0x60,0x00,0x04,0xf4,  //%@*....*@*
0x5f,0x10,0x00,0x0a,0xd0,  //*@+....%@+
0x0a,0x92,0x01,0x8e,0x50,  //+%%+++%@*.
0x00,0x6c,0xee,0xb4,0x00,  //.+*@@@%*..


/* 6 */
0x00,0x05,0xbe,0xe9,0x10,  //...*@@@%+.
0x00,0x9c,0x40,0x1e,0xb0,  //..%@*++@%.
0x06,0xd1,0x00,0x0c,0xb0,  //.*@+..+@%.
0x0d,0x70,0x00,0x00,0x00,  //+@*.......
0x4f,0x30,0x00,0x00,0x00,  //*@+.......
0x8f,0x10,0x00,0x00,0x00,  //%@+.......
0xbe,0x05,0xce,0xd8,0x10,  //%@.*@@@%+.
0xce,0x79,0x20,0x4d,0xb0,  //@@%%++*@@.
0xce,0x90,0x00,0x04,0xf4,  //@@%....*@*
0xce,0x10,0x00,0x00,0xe9,  //@@+.....@%
0xbe,0x00,0x00,0x00,0xcb,  //@@......@%
0x9f,0x10,0x00,0x00,0xca,  //%@+.....@%
0x4f,0x50,0x00,0x00,0xe8,  //*@*....+@%
0x0d,0xc0,0x00,0x04,0xf3,  //+@@+...*@+
0x03,0xea,0x20,0x4d,0x80,  //.*@%++*@%.
0x00,0x2a,0xde,0xc5,0x00,  //..+%@@@*..


/* 7 */
0x0d,0xff,0xff,0xff,0xf8,  //.@@@@@@@@%
0x0f,0xff,0xff,0xff,0xe2,  //+@@@@@@@@+
0x2e,0x50,0x00,0x01,0x70,  //+@*+...+*.
0x48,0x00,0x00,0x07,0x00,  //*%.....*+.
0x62,0x00,0x00,0x27,0x00,  //*+....+*..
0x00,0x00,0x00,0x91,0x00,  //......%+..
0x00,0x00,0x03,0x80,0x00,  //.....+%...
0x00,0x00,0x0a,0x30,0x00,  //.....%+...
0x00,0x00,0x3d,0x00,0x00,  //....+@....
0x00,0x00,0x99,0x00,0x00,  //....%%....
0x00,0x00,0xe6,0x00,0x00,  //...+@*....
0x00,0x04,0xf4,0x00,0x00,  //...*@*....
0x00,0x07,0xf4,0x00,0x00,  //...%@*....
0x00,0x0a,0xf5,0x00,0x00,  //...%@*....
0x00,0x0b,0xf5,0x00,0x00,  //...@@*....
0x00,0x07,0xe3,0x00,0x00,  //...*@+....


/* 8 */
0x00,0x6c,0xee,0xb5,0x00,  //.+*@@@@*..
0x0a,0xc3,0x01,0x5d,0x80,  //+%@+++*@%.
0x5e,0x10,0x00,0x04,0xe2,  //*@+....*@+
0x8b,0x00,0x00,0x00,0xe5,  //%@.....+@*
0x7d,0x00,0x00,0x00,0xe4,  //*@+....+@*
0x1e,0xb1,0x00,0x04,0xc0,  //+@%+...*@+
0x04,0xed,0x60,0x4b,0x10,  //.*@@*+*@+.
0x00,0x4e,0xfe,0xc0,0x00,  //..*@@@@+..
0x04,0xb1,0x3a,0xfb,0x10,  //.*@++%@@+.
0x2d,0x10,0x00,0x5e,0xb0,  //+@+...*@@+
0xa8,0x00,0x00,0x05,0xf4,  //%%.....*@*
0xd5,0x00,0x00,0x00,0xd8,  //@*......@%
0xd7,0x00,0x00,0x00,0xd7,  //@*......@%
0x9c,0x00,0x00,0x03,0xf3,  //%@+....+@+
0x0c,0xb3,0x01,0x5d,0x80,  //+@@+++*@%.
0x00,0x7c,0xee,0xb5,0x00,  //.+*@@@@*..


/* 9 */
0x00,0x7c,0xed,0x91,0x00,  //.+*@@@%+..
0x0a,0xd3,0x01,0x8d,0x20,  //+%@*++%@+.
0x5f,0x30,0x00,0x0b,0xb0,  //*@+....@%.
0xbc,0x00,0x00,0x05,0xf2,  //@@.....*@+
0xda,0x00,0x00,0x03,0xf6,  //@%.....+@*
0xea,0x00,0x00,0x01,0xf8,  //@%.....+@%
0xcb,0x00,0x00,0x04,0xf9,  //@@.....*@%
0x9e,0x20,0x00,0x0b,0xfa,  //%@+...+@@%
0x2e,0xc3,0x03,0xb6,0xf9,  //+@@+++@*@%
0x02,0xae,0xeb,0x34,0xf7,  //.+%@@@+*@*
0x00,0x00,0x00,0x06,0xf4,  //.......*@*
0x00,0x00,0x00,0x09,0xe0,  //.......%@+
0x00,0x00,0x00,0x0e,0x90,  //......+@%.
0x0c,0x90,0x00,0x7e,0x20,  //+@%...*@+.
0x0e,0xd0,0x17,0xe5,0x00,  //+@@++*@*..
0x03,0xbe,0xda,0x30,0x00,  //.+@@@%+...


/* : */
0x2d,0xa0,  //+@%+
0x6f,0xf1,  //*@@+
0x2d,0xa0,  //+@%+
0x00,0x00,  //....
0x00,0x00,  //....
0x00,0x00,  //....
0x00,0x00,  //....
0x00,0x00,  //....
0x00,0x00,  //....
0x2d,0xa0,  //+@%+
0x6f,0xf1,  //*@@+
0x2d,0xa0,  //+@%+


/* ; */
0x3f,0xe0,  //+@@
0x3f,0xe0,  //+@@
0x00,0x00,  //...
0x00,0x00,  //...
0x00,0x00,  //...
0x00,0x00,  //...
0x00,0x00,  //...
0x00,0x00,  //...
0x00,0x00,  //...
0x3f,0xe0,  //+@@
0x3f,0xe0,  //+@@
0x07,0x90,  //.%%
0x0d,0x10,  //+@+


/* < */
0x00,0x00,0x00,0x00,0x92,  //.......+%+
0x00,0x00,0x00,0x09,0x70,  //......+%*.
0x00,0x00,0x00,0x97,0x00,  //.....+%%..
0x00,0x00,0x08,0x80,0x00,  //.....%%...
0x00,0x00,0x88,0x00,0x00,  //....%%....
0x00,0x08,0x80,0x00,0x00,  //...%%.....
0x00,0x88,0x00,0x00,0x00,  //..%%......
0x07,0x90,0x00,0x00,0x00,  //.%%+......
0x3c,0x00,0x00,0x00,0x00,  //*@+.......
0x07,0x90,0x00,0x00,0x00,  //.%%+......
0x00,0x88,0x00,0x00,0x00,  //..%%......
0x00,0x08,0x80,0x00,0x00,  //...%%.....
0x00,0x00,0x88,0x00,0x00,  //....%%....
0x00,0x00,0x08,0x80,0x00,  //.....%%...
0x00,0x00,0x00,0x97,0x00,  //.....+%%..
0x00,0x00,0x00,0x09,0x70,  //......+%*.
0x00,0x00,0x00,0x00,0x92,  //.......+%+


/* = */
0x3f,0xff,0xff,0xff,0xff,0xf2,  //*@@@@@@@@@@+
0x00,0x00,0x00,0x00,0x00,0x00,  //............
0x00,0x00,0x00,0x00,0x00,0x00,  //............
0x00,0x00,0x00,0x00,0x00,0x00,  //............
0x00,0x00,0x00,0x00,0x00,0x00,  //............
0x3f,0xff,0xff,0xff,0xff,0xf2,  //*@@@@@@@@@@+


/* > */
0x29,0x00,0x00,0x00,0x00,  //+%+.......
0x07,0x90,0x00,0x00,0x00,  //.%%+......
0x00,0x79,0x00,0x00,0x00,  //..%%+.....
0x00,0x08,0x80,0x00,0x00,  //...%%.....
0x00,0x00,0x88,0x00,0x00,  //....%%....
0x00,0x00,0x08,0x80,0x00,  //.....%%...
0x00,0x00,0x00,0x88,0x00,  //......%%..
0x00,0x00,0x00,0x09,0x70,  //......+%%.
0x00,0x00,0x00,0x00,0xc3,  //.......+@*
0x00,0x00,0x00,0x09,0x70,  //......+%%.
0x00,0x00,0x00,0x88,0x00,  //......%%..
0x00,0x00,0x08,0x80,0x00,  //.....%%...
0x00,0x00,0x88,0x00,0x00,  //....%%....
0x00,0x08,0x80,0x00,0x00,  //...%%.....
0x00,0x79,0x00,0x00,0x00,  //..%%+.....
0x07,0x90,0x00,0x00,0x00,  //.%%+......
0x29,0x00,0x00,0x00,0x00,  //+%+.......


/* ? */
0x00,0x4b,0xee,0xc6,0x00,  //..*%@@@*+.
0x07,0xa3,0x01,0x5d,0xb0,  //.%%+++*@%+
0x4a,0x00,0x00,0x04,0xf6,  //*%+....*@*
0xa7,0x00,0x00,0x00,0xea,  //%*.....+@%
0xbe,0x40,0x00,0x00,0xeb,  //%@*.....@%
0x6e,0x60,0x00,0x01,0xf8,  //*@*....+@%
0x00,0x00,0x00,0x0b,0xe1,  //......+%@+
0x00,0x00,0x02,0xcb,0x10,  //.....+@%+.
0x00,0x00,0x2d,0x50,0x00,  //....+@*...
0x00,0x00,0x84,0x00,0x00,  //....%*....
0x00,0x00,0x91,0x00,0x00,  //....%+....
0x00,0x00,0x91,0x00,0x00,  //....%+....
0x00,0x00,0x00,0x00,0x00,  //..........
0x00,0x00,0x00,0x00,0x00,  //..........
0x00,0x02,0xda,0x00,0x00,  //...+@%+...
0x00,0x06,0xff,0x10,0x00,  //...*@@+...
0x00,0x02,0xda,0x00,0x00,  //...+@%+...


/* @ */
0x00,0x00,0x6c,0xed,0x81,0x00,  //...+*@@@%+..
0x00,0x0a,0xb3,0x01,0x8c,0x10,  //..+%@+++%@+.
0x00,0x8b,0x00,0x00,0x05,0xa0,  //..%%+....*%.
0x02,0xe1,0x02,0xcd,0xc4,0xc1,  //.+@+.+@@@*@+
0x07,0xa0,0x0d,0x72,0xf2,0x84,  //.%%.+@*+@+%*
0x0b,0x70,0x7b,0x01,0xe0,0x75,  //.@*.*@.+@+**
0x0e,0x50,0xd5,0x04,0xc0,0x66,  //.@*+@*.*@.**
0x0f,0x43,0xe0,0x07,0xa0,0x75,  //+@*+@+.*%.**
0x0f,0x35,0xd0,0x09,0x70,0x83,  //+@**@..%%.%+
0x0e,0x46,0xc0,0x0d,0x50,0xc0,  //.@**@.+@*+@+
0x0c,0x63,0xd1,0x8d,0x56,0x70,  //.@*+@+%@***.
0x08,0x90,0xae,0x66,0xe8,0x00,  //.%%+%@**@%+.
0x03,0xd0,0x00,0x00,0x00,0x91,  //.+@+......%+
0x00,0xa8,0x00,0x00,0x05,0x90,  //..%%.....*%.
0x00,0x1c,0x82,0x02,0x8b,0x00,  //..+@%+++%@+.
0x00,0x00,0x8d,0xec,0x60,0x00,  //...+%@@@*+..


/* A */
0x00,0x00,0x0d,0xa0,0x00,0x00,  //....+@%.....
0x00,0x00,0x3d,0xe0,0x00,0x00,  //....+@@+....
0x00,0x00,0x76,0xf2,0x00,0x00,  //....**@+....
0x00,0x00,0xa0,0xd6,0x00,0x00,  //....%+@*....
0x00,0x00,0xb0,0x9a,0x00,0x00,  //...+%.%%....
0x00,0x04,0x70,0x5e,0x00,0x00,  //...**.*@+...
0x00,0x08,0x30,0x2f,0x30,0x00,  //...%+.+@+...
0x00,0x0b,0x00,0x0d,0x60,0x00,  //...%+..@*...
0x00,0x1a,0x00,0x09,0xa0,0x00,  //..+%...%%...
0x00,0x4f,0xff,0xff,0xe0,0x00,  //..*@@@@@@+..
0x00,0x83,0x00,0x04,0xf3,0x00,  //..%+...*@+..
0x00,0xc0,0x00,0x00,0xe7,0x00,  //..@+...+@*..
0x01,0xa0,0x00,0x00,0xcb,0x00,  //.+%.....@%..
0x05,0x70,0x00,0x00,0x8e,0x00,  //.*%.....%@+.
0x0a,0x90,0x00,0x00,0x6f,0x60,  //+%%+....*@*+
0xcf,0xf9,0x00,0x07,0xff,0xf8,  //@@@%...%@@@%


/* B */
0x6f,0xff,0xff,0xec,0x81,0x00,  //*@@@@@@@%+..
0x02,0xf9,0x00,0x17,0xec,0x00,  //.+@%+++*@@+.
0x00,0xf7,0x00,0x00,0x7f,0x30,  //.+@*....%@*.
0x00,0xf7,0x00,0x00,0x3f,0x50,  //.+@*....*@*.
0x00,0xf7,0x00,0x00,0x4f,0x40,  //.+@*....*@*.
0x00,0xf7,0x00,0x00,0x9e,0x00,  //.+@*....%@+.
0x00,0xf7,0x00,0x18,0xc3,0x00,  //.+@*..+%@+..
0x00,0xff,0xff,0xfd,0x40,0x00,  //.+@@@@@@*...
0x00,0xf7,0x00,0x15,0xda,0x00,  //.+@*.++*@%+.
0x00,0xf7,0x00,0x00,0x2e,0x70,  //.+@*....+@%.
0x00,0xf7,0x00,0x00,0x0b,0xe0,  //.+@*.....@@+
0x00,0xf7,0x00,0x00,0x0a,0xf1,  //.+@*.....%@+
0x00,0xf7,0x00,0x00,0x0b,0xf1,  //.+@*.....@@+
0x00,0xf7,0x00,0x00,0x2e,0xc0,  //.+@*....+@@.
0x02,0xf9,0x00,0x14,0xce,0x30,  //.+@%+.+*@@+.
0x9f,0xff,0xff,0xed,0x92,0x00,  //%@@@@@@@%+..


/* C */
0x00,0x00,0x7c,0xed,0xa8,0x50,  //...+*@@@%%*.
0x00,0x1c,0xc3,0x01,0x6e,0x90,  //..+@@+++*@%.
0x00,0xad,0x10,0x00,0x04,0xc0,  //..%@+....*@.
0x04,0xf6,0x00,0x00,0x00,0x90,  //.*@*......%+
0x0a,0xe0,0x00,0x00,0x00,0x00,  //.%@+........
0x0e,0xb0,0x00,0x00,0x00,0x00,  //+@@.........
0x2f,0x90,0x00,0x00,0x00,0x00,  //+@%.........
0x3f,0x80,0x00,0x00,0x00,0x00,  //+@%.........
0x3f,0x80,0x00,0x00,0x00,0x00,  //+@%.........
0x2f,0x80,0x00,0x00,0x00,0x00,  //+@%.........
0x0f,0xa0,0x00,0x00,0x00,0x00,  //+@%.........
0x0d,0xd0,0x00,0x00,0x00,0x70,  //.@@.......%+
0x08,0xf3,0x00,0x00,0x00,0x90,  //.%@+.....+%.
0x01,0xea,0x00,0x00,0x08,0x30,  //.+@%.....%*.
0x00,0x4e,0x92,0x02,0x98,0x00,  //..*@%+++%%..
0x00,0x02,0x9d,0xec,0x60,0x00,  //...+%@@@*...


/* D */
0x6f,0xff,0xfe,0xb6,0x00,0x00,  //*@@@@@@*+...
0x02,0xf9,0x01,0x5c,0xc2,0x00,  //.+@%++*@@+..
0x00,0xf7,0x00,0x01,0xcc,0x00,  //.+@*...+@@+.
0x00,0xf7,0x00,0x00,0x4f,0x60,  //.+@*....*@*.
0x00,0xf7,0x00,0x00,0x0e,0xb0,  //.+@*....+@@.
0x00,0xf7,0x00,0x00,0x0c,0xe0,  //.+@*.....@@+
0x00,0xf7,0x00,0x00,0x0a,0xf1,  //.+@*.....%@+
0x00,0xf7,0x00,0x00,0x09,0xf2,  //.+@*.....%@+
0x00,0xf7,0x00,0x00,0x09,0xf1,  //.+@*.....%@+
0x00,0xf7,0x00,0x00,0x0a,0xf0,  //.+@*.....%@+
0x00,0xf7,0x00,0x00,0x0c,0xd0,  //.+@*.....@@.
0x00,0xf7,0x00,0x00,0x0e,0xa0,  //.+@*....+@%.
0x00,0xf7,0x00,0x00,0x5f,0x40,  //.+@*....*@*.
0x00,0xf7,0x00,0x02,0xdb,0x00,  //.+@*...+@@+.
0x02,0xf9,0x01,0x6d,0xc1,0x00,  //.+@%++*@@+..
0x8f,0xff,0xed,0xb6,0x00,0x00,  //%@@@@@%*+...


/* E */
0x3f,0xff,0xff,0xff,0xfe,0x10,  //*@@@@@@@@@+.
0x01,0xea,0x00,0x00,0x4d,0x70,  //.+@%+..+*@*.
0x00,0xe8,0x00,0x00,0x01,0x90,  //..@%.....+%.
0x00,0xe8,0x00,0x00,0x00,0x00,  //..@%........
0x00,0xe8,0x00,0x00,0x00,0x00,  //..@%........
0x00,0xe8,0x00,0x00,0x80,0x00,  //..@%....%...
0x00,0xe8,0x00,0x05,0x90,0x00,  //..@%..+*%...
0x00,0xef,0xff,0xff,0x90,0x00,  //..@@@@@@%...
0x00,0xe8,0x00,0x06,0x90,0x00,  //..@%..+*%...
0x00,0xe8,0x00,0x00,0x80,0x00,  //..@%...+%...
0x00,0xe8,0x00,0x00,0x00,0x00,  //..@%........
0x00,0xe8,0x00,0x00,0x00,0x00,  //..@%........
0x00,0xe8,0x00,0x00,0x00,0x61,  //..@%......*+
0x00,0xe8,0x00,0x00,0x02,0xc0,  //..@%.....+@.
0x01,0xea,0x00,0x01,0x5d,0x90,  //.+@%+..+*@%.
0x5f,0xff,0xff,0xff,0xff,0x50,  //*@@@@@@@@@*.


/* F */
0x5f,0xff,0xff,0xff,0xff,0x80,  //*@@@@@@@@@%.
0x01,0xea,0x00,0x01,0x5d,0xc0,  //.+@%+..+*@@.
0x00,0xe8,0x00,0x00,0x01,0xd2,  //..@%.....+@+
0x00,0xe8,0x00,0x00,0x00,0x35,  //..@%......**
0x00,0xe8,0x00,0x00,0x00,0x00,  //..@%........
0x00,0xe8,0x00,0x00,0x80,0x00,  //..@%....%...
0x00,0xe8,0x00,0x02,0xd0,0x00,  //..@%..++@...
0x00,0xef,0xff,0xff,0xf0,0x00,  //..@@@@@@@...
0x00,0xe8,0x00,0x02,0xd0,0x00,  //..@%..++@...
0x00,0xe8,0x00,0x00,0x90,0x00,  //..@%....%...
0x00,0xe8,0x00,0x00,0x00,0x00,  //..@%........
0x00,0xe8,0x00,0x00,0x00,0x00,  //..@%........
0x00,0xe8,0x00,0x00,0x00,0x00,  //..@%........
0x00,0xe8,0x00,0x00,0x00,0x00,  //..@%........
0x01,0xea,0x00,0x00,0x00,0x00,  //.+@%+.......
0x6f,0xff,0xf0,0x00,0x00,0x00,  //*@@@@+......


/* G */
0x00,0x01,0x9d,0xea,0x76,0x00,  //...+%@@%%*..
0x00,0x2d,0xa1,0x15,0xda,0x00,  //..+@%++*@%..
0x00,0xca,0x00,0x00,0x3c,0x00,  //.+@%+...+@..
0x05,0xe2,0x00,0x00,0x09,0x00,  //.*@+.....%+.
0x0b,0xb0,0x00,0x00,0x00,0x00,  //.@@.........
0x0e,0x80,0x00,0x00,0x00,0x00,  //+@%.........
0x3f,0x60,0x00,0x00,0x00,0x00,  //+@*.........
0x4f,0x50,0x00,0x00,0x00,0x00,  //*@*.........
0x4f,0x50,0x00,0x00,0x00,0x00,  //*@*.........
0x3f,0x60,0x00,0x2f,0xff,0xf8,  //*@*...+@@@@%
0x1f,0x80,0x00,0x00,0x9f,0x30,  //+@%....+%@+.
0x0d,0xc0,0x00,0x00,0x7f,0x00,  //.@@.....*@+.
0x07,0xf2,0x00,0x00,0x7f,0x00,  //.%@+....*@+.
0x01,0xe9,0x00,0x00,0x7f,0x00,  //.+@%....*@+.
0x00,0x5e,0x81,0x03,0xdf,0x00,  //..*@%+++@@+.
0x00,0x03,0xbe,0xeb,0x40,0x00,  //...*%@@@*++.


/* H */
0x8f,0xff,0x60,0x07,0xff,0xf6,  //%@@@*..%@@@*
0x06,0xf5,0x00,0x00,0x5f,0x50,  //.*@*....*@*.
0x04,0xf2,0x00,0x00,0x4f,0x30,  //.*@+....*@+.
0x04,0xf2,0x00,0x00,0x4f,0x30,  //.*@+....*@+.
0x04,0xf2,0x00,0x00,0x4f,0x30,  //.*@+....*@+.
0x04,0xf2,0x00,0x00,0x4f,0x30,  //.*@+....*@+.
0x04,0xf2,0x00,0x00,0x4f,0x30,  //.*@+....*@+.
0x04,0xff,0xff,0xff,0xff,0x30,  //.*@@@@@@@@+.
0x04,0xf2,0x00,0x00,0x4f,0x30,  //.*@+....*@+.
0x04,0xf2,0x00,0x00,0x4f,0x30,  //.*@+....*@+.
0x04,0xf2,0x00,0x00,0x4f,0x30,  //.*@+....*@+.
0x04,0xf2,0x00,0x00,0x4f,0x30,  //.*@+....*@+.
0x04,0xf2,0x00,0x00,0x4f,0x30,  //.*@+....*@+.
0x04,0xf2,0x00,0x00,0x4f,0x30,  //.*@+....*@+.
0x06,0xf5,0x00,0x00,0x5f,0x50,  //.*@*....*@*.
0x9f,0xff,0x70,0x08,0xff,0xf8,  //%@@@%..%@@@%


/* I */
0xbf,0xff,0xff,0xfb,  //@@@@@@@@
0x00,0x0c,0xc0,0x00,  //..+@@+..
0x00,0x0b,0xb0,0x00,  //...@@...
0x00,0x0b,0xb0,0x00,  //...@@...
0x00,0x0b,0xb0,0x00,  //...@@...
0x00,0x0b,0xb0,0x00,  //...@@...
0x00,0x0b,0xb0,0x00,  //...@@...
0x00,0x0b,0xb0,0x00,  //...@@...
0x00,0x0b,0xb0,0x00,  //...@@...
0x00,0x0b,0xb0,0x00,  //...@@...
0x00,0x0b,0xb0,0x00,  //...@@...
0x00,0x0b,0xb0,0x00,  //...@@...
0x00,0x0b,0xb0,0x00,  //...@@...
0x00,0x0b,0xb0,0x00,  //...@@...
0x00,0x0c,0xc0,0x00,  //..+@@+..
0xbf,0xff,0xff,0xfb,  //@@@@@@@@


/* J */
0x00,0x03,0xff,0xff,0xff,0xf6,  //...*@@@@@@@*
0x00,0x00,0x00,0x4f,0x70,0x00,  //......*@%+..
0x00,0x00,0x00,0x2f,0x50,0x00,  //......+@*...
0x00,0x00,0x00,0x2f,0x50,0x00,  //......+@*...
0x00,0x00,0x00,0x2f,0x50,0x00,  //......+@*...
0x00,0x00,0x00,0x2f,0x50,0x00,  //......+@*...
0x00,0x00,0x00,0x2f,0x50,0x00,  //......+@*...
0x00,0x00,0x00,0x2f,0x50,0x00,  //......+@*...
0x00,0x00,0x00,0x2f,0x50,0x00,  //......+@*...
0x00,0x00,0x00,0x2f,0x50,0x00,  //......+@*...
0x00,0x00,0x00,0x2f,0x50,0x00,  //......+@*...
0x00,0x00,0x00,0x2f,0x50,0x00,  //......+@*...
0x00,0x00,0x00,0x2f,0x50,0x00,  //......+@*...
0x00,0x00,0x00,0x2f,0x50,0x00,  //......+@*...
0x00,0x00,0x00,0x2f,0x50,0x00,  //......+@*...
0x00,0x00,0x00,0x3f,0x30,0x00,  //......+@*...
0x0c,0xa0,0x00,0x7e,0x00,0x00,  //+@%...*@+...
0x0e,0xc1,0x05,0xe5,0x00,0x00,  //+@@++*@*....
0x04,0xce,0xea,0x30,0x00,0x00,  //.*@@@%+.....


/* K */
0x6f,0xff,0xd0,0x0f,0xff,0xe0,  //*@@@@.+@@@@.
0x02,0xf9,0x00,0x00,0xd8,0x00,  //.+@%+..+@%+.
0x00,0xf7,0x00,0x05,0x80,0x00,  //.+@*...*%...
0x00,0xf7,0x00,0x2b,0x00,0x00,  //.+@*..+%+...
0x00,0xf7,0x01,0xc1,0x00,0x00,  //.+@*.+@+....
0x00,0xf7,0x0b,0x40,0x00,0x00,  //.+@*+@*.....
0x00,0xf7,0x9e,0x20,0x00,0x00,  //.+@*%@+.....
0x00,0xfc,0xee,0x90,0x00,0x00,  //.+@@@@%.....
0x00,0xfe,0x49,0xe2,0x00,0x00,  //.+@@*%@+....
0x00,0xf7,0x02,0xe9,0x00,0x00,  //.+@%.+@%....
0x00,0xf7,0x00,0x8e,0x20,0x00,  //.+@*..%@+...
0x00,0xf7,0x00,0x1e,0xa0,0x00,  //.+@*..+@%...
0x00,0xf7,0x00,0x07,0xe2,0x00,  //.+@*...*@+..
0x00,0xf7,0x00,0x00,0xda,0x00,  //.+@*...+@%..
0x02,0xf9,0x00,0x00,0x9e,0x40,  //.+@%+..+%@*.
0x6f,0xff,0xd0,0x07,0xff,0xf8,  //*@@@@..%@@@%


/* L */
0x2f,0xff,0xf3,0x00,0x00,0x00,  //+@@@@*......
0x00,0xcc,0x00,0x00,0x00,0x00,  //.+@@+.......
0x00,0xbb,0x00,0x00,0x00,0x00,  //..@@........
0x00,0xbb,0x00,0x00,0x00,0x00,  //..@@........
0x00,0xbb,0x00,0x00,0x00,0x00,  //..@@........
0x00,0xbb,0x00,0x00,0x00,0x00,  //..@@........
0x00,0xbb,0x00,0x00,0x00,0x00,  //..@@........
0x00,0xbb,0x00,0x00,0x00,0x00,  //..@@........
0x00,0xbb,0x00,0x00,0x00,0x00,  //..@@........
0x00,0xbb,0x00,0x00,0x00,0x00,  //..@@........
0x00,0xbb,0x00,0x00,0x00,0x00,  //..@@........
0x00,0xbb,0x00,0x00,0x00,0x00,  //..@@........
0x00,0xbb,0x00,0x00,0x00,0x62,  //..@@......*+
0x00,0xbb,0x00,0x00,0x01,0xc0,  //..@@.....+@+
0x00,0xcc,0x00,0x00,0x4c,0xb0,  //.+@@+..+*@%.
0x3f,0xff,0xff,0xff,0xff,0x70,  //*@@@@@@@@@%.


/* M */
0xcf,0xe0,0x00,0x00,0x6f,0xfa,  //@@@+....*@@%
0x0a,0xf3,0x00,0x00,0x9f,0x90,  //+%@*....%@%+
0x08,0xf7,0x00,0x00,0xcf,0x70,  //.%@*....@@%.
0x08,0xba,0x00,0x02,0x9f,0x70,  //.%%%...+%@%.
0x08,0x7e,0x00,0x06,0x5f,0x70,  //.%%@+..**@%.
0x08,0x4f,0x20,0x0a,0x2f,0x70,  //.%*@+..%+@%.
0x08,0x1e,0x60,0x0c,0x0f,0x70,  //.%+@*..@.@%.
0x08,0x0c,0xa0,0x2a,0x0f,0x70,  //.%.@%.+%.@%.
0x08,0x09,0xd0,0x66,0x0f,0x70,  //.%.%@.**.@%.
0x08,0x05,0xf2,0xa2,0x0f,0x70,  //.%.*@+%+.@%.
0x08,0x02,0xf5,0xc0,0x0f,0x70,  //.%.+@*@+.@%.
0x08,0x00,0xec,0xa0,0x0f,0x70,  //.%.+@@%..@%.
0x08,0x00,0xaf,0x70,0x0f,0x70,  //.%..%@*..@%.
0x08,0x00,0x7f,0x30,0x0f,0x70,  //.%..%@+..@%.
0x0a,0x20,0x4e,0x00,0x1f,0x90,  //+%+.*@+.+@%+
0xaf,0xf1,0x0b,0x04,0xff,0xfa,  //%@@++%.*@@@%


/* N */
0x9f,0xf5,0x00,0x00,0xef,0xfc,  //%@@*....@@@@
0x05,0xfd,0x00,0x00,0x07,0x50,  //.*@@+....**.
0x03,0xcf,0x60,0x00,0x05,0x30,  //.+@@*....*+.
0x03,0x5d,0xd0,0x00,0x05,0x30,  //.+*@@+...*+.
0x03,0x55,0xf7,0x00,0x05,0x30,  //.+**@*...*+.
0x03,0x50,0xce,0x10,0x05,0x30,  //.+*+@@+..*+.
0x03,0x50,0x4f,0x80,0x05,0x30,  //.+*.*@%..*+.
0x03,0x50,0x0c,0xe1,0x05,0x30,  //.+*..@@+.*+.
0x03,0x50,0x04,0xf9,0x05,0x30,  //.+*..*@%.*+.
0x03,0x50,0x00,0xbe,0x25,0x30,  //.+*...@@+*+.
0x03,0x50,0x00,0x3f,0xa5,0x30,  //.+*...+@%*+.
0x03,0x50,0x00,0x0a,0xf8,0x30,  //.+*....%@%+.
0x03,0x50,0x00,0x02,0xef,0x30,  //.+*....+@@+.
0x03,0x50,0x00,0x00,0x9f,0x30,  //.+*.....%@+.
0x05,0x70,0x00,0x00,0x2e,0x30,  //.**+....+@+.
0xcf,0xfe,0x00,0x00,0x09,0x30,  //@@@@.....%+.


/* O */
0x00,0x02,0x9d,0xeb,0x30,0x00,  //...+%@@%+...
0x00,0x2e,0x91,0x06,0xe4,0x00,  //..+@%++*@*..
0x00,0xca,0x00,0x00,0x7e,0x10,  //.+@%....*@+.
0x05,0xf3,0x00,0x00,0x0e,0x70,  //.*@+....+@%.
0x0a,0xe0,0x00,0x00,0x0b,0xc0,  //.%@+.....@@.
0x0e,0xb0,0x00,0x00,0x08,0xf1,  //.@@......%@+
0x1f,0xa0,0x00,0x00,0x07,0xf3,  //+@%......*@*
0x2f,0x90,0x00,0x00,0x06,0xf4,  //+@%......*@*
0x1f,0x90,0x00,0x00,0x06,0xf4,  //+@%......*@*
0x1f,0xa0,0x00,0x00,0x07,0xf3,  //+@%......*@*
0x0d,0xb0,0x00,0x00,0x08,0xf1,  //.@@......%@+
0x0a,0xe0,0x00,0x00,0x0b,0xd0,  //.%@+.....%@.
0x04,0xf3,0x00,0x00,0x0e,0x80,  //.*@*....+@%.
0x00,0xbb,0x00,0x00,0x7e,0x10,  //.+@%+...*@+.
0x00,0x1d,0x91,0x06,0xe4,0x00,  //..+@%++*@*..
0x00,0x01,0x9d,0xea,0x30,0x00,  //...+%@@%+...


/* P */
0x5f,0xff,0xff,0xed,0x81,0x00,  //*@@@@@@@%+..
0x01,0xea,0x00,0x03,0xbd,0x10,  //.+@%+.+*@@+.
0x00,0xe8,0x00,0x00,0x1e,0x90,  //..@%....+@%.
0x00,0xe8,0x00,0x00,0x0a,0xe0,  //..@%.....%@+
0x00,0xe8,0x00,0x00,0x08,0xf0,  //..@%.....%@+
0x00,0xe8,0x00,0x00,0x09,0xe0,  //..@%.....%@.
0x00,0xe8,0x00,0x00,0x1e,0x90,  //..@%....+@%.
0x00,0xe8,0x00,0x15,0xcd,0x10,  //..@%..+*@@+.
0x00,0xef,0xff,0xed,0x81,0x00,  //..@@@@@@%+..
0x00,0xe8,0x00,0x00,0x00,0x00,  //..@%........
0x00,0xe8,0x00,0x00,0x00,0x00,  //..@%........
0x00,0xe8,0x00,0x00,0x00,0x00,  //..@%........
0x00,0xe8,0x00,0x00,0x00,0x00,  //..@%........
0x00,0xe8,0x00,0x00,0x00,0x00,  //..@%........
0x01,0xea,0x00,0x00,0x00,0x00,  //.+@%+.......
0x6f,0xff,0xf0,0x00,0x00,0x00,  //*@@@@+......


/* Q */
0x00,0x03,0xae,0xea,0x30,0x00,  //...+%@@%+...
0x00,0x4e,0x81,0x16,0xe4,0x00,  //..*@%++*@*..
0x01,0xe9,0x00,0x00,0x7e,0x10,  //.+@%....%@+.
0x07,0xf2,0x00,0x00,0x1e,0x80,  //.*@+....+@%.
0x0c,0xd0,0x00,0x00,0x0c,0xd0,  //.@@......@@.
0x0e,0xa0,0x00,0x00,0x0a,0xf1,  //+@%......%@+
0x2f,0x80,0x00,0x00,0x08,0xf2,  //+@%......%@+
0x3f,0x80,0x00,0x00,0x08,0xf3,  //+@%......%@+
0x3f,0x80,0x00,0x00,0x08,0xf3,  //+@%......%@+
0x2f,0x80,0x00,0x00,0x08,0xf2,  //+@%......%@+
0x1f,0x90,0x00,0x00,0x09,0xe0,  //+@%......%@+
0x0d,0xb2,0xce,0x90,0x0b,0xb0,  //.@@+@@%+.@@.
0x08,0xeb,0x31,0xd7,0x0e,0x50,  //.%@@*+@*+@*.
0x02,0xec,0x00,0x6d,0x5b,0x00,  //.+@@..*@*@+.
0x00,0x5e,0x71,0x2f,0xc1,0x00,  //..*@*++@@+..
0x00,0x03,0xae,0xee,0xc0,0x00,  //...+%@@@@+..
0x00,0x00,0x00,0x09,0xff,0xc0,  //.......%@@@.
0x00,0x00,0x00,0x01,0xcd,0x30,  //.......+@@*.


/* R */
0x3f,0xff,0xff,0xec,0x71,0x00,  //*@@@@@@@%+..
0x00,0xdb,0x00,0x16,0xec,0x00,  //.+@@+++*@@+.
0x00,0xc9,0x00,0x00,0x5f,0x60,  //..@%....*@*.
0x00,0xc9,0x00,0x00,0x1f,0x80,  //..@%....+@%.
0x00,0xc9,0x00,0x00,0x1f,0x70,  //..@%....+@%.
0x00,0xc9,0x00,0x00,0x6f,0x30,  //..@%....*@*.
0x00,0xc9,0x00,0x16,0xe9,0x00,  //..@%.++*@%..
0x00,0xcf,0xff,0xfb,0x50,0x00,  //..@@@@@@*...
0x00,0xc9,0x00,0xe7,0x00,0x00,  //..@%.+@%....
0x00,0xc9,0x00,0x9d,0x00,0x00,  //..@%..%@+...
0x00,0xc9,0x00,0x3f,0x50,0x00,  //..@%..+@*...
0x00,0xc9,0x00,0x0c,0xb0,0x00,  //..@%...@@...
0x00,0xc9,0x00,0x06,0xf3,0x00,  //..@%...*@+..
0x00,0xc9,0x00,0x01,0xe9,0x00,  //..@%...+@%..
0x00,0xdb,0x00,0x00,0xae,0x30,  //.+@@+...%@+.
0x3f,0xff,0xf0,0x00,0x4f,0xf8,  //*@@@@+..*@@%


/* S */
0x00,0x8c,0xed,0x71,0x40,  //.+%@@@*+*.
0x0b,0x71,0x01,0x7e,0xc0,  //+@%+++*@@.
0x6b,0x00,0x00,0x05,0xd0,  //*%.....*@.
0xb7,0x00,0x00,0x00,0x90,  //%*......%+
0xaa,0x00,0x00,0x00,0x00,  //%%........
0x6f,0xa2,0x00,0x00,0x00,  //*@%+......
0x09,0xff,0xb5,0x00,0x00,  //+%@@%*+...
0x00,0x4c,0xff,0xc3,0x00,  //..*@@@@+..
0x00,0x00,0x3b,0xfe,0x50,  //....*%@@*.
0x00,0x00,0x00,0x4d,0xe1,  //......*@@+
0x00,0x00,0x00,0x02,0xe6,  //.......+@*
0x90,0x00,0x00,0x00,0xb8,  //%.......@%
0xb2,0x00,0x00,0x00,0xc7,  //@+......@*
0x9b,0x00,0x00,0x02,0xe2,  //%@+....+@+
0x6f,0xc4,0x10,0x4c,0x70,  //*@@*++*@%.
0x44,0x29,0xde,0xb5,0x00,  //**+%@@@*..


/* T */
0x09,0xff,0xff,0xff,0xff,0x70,  //.%@@@@@@@@%.
0x0c,0x81,0x0d,0xa0,0x18,0xa0,  //.@%++@%++%%.
0x0c,0x00,0x0c,0x90,0x00,0xb0,  //+@+..@%..+@.
0x36,0x00,0x0c,0x90,0x00,0x70,  //+*...@%...%+
0x00,0x00,0x0c,0x90,0x00,0x00,  //.....@%.....
0x00,0x00,0x0c,0x90,0x00,0x00,  //.....@%.....
0x00,0x00,0x0c,0x90,0x00,0x00,  //.....@%.....
0x00,0x00,0x0c,0x90,0x00,0x00,  //.....@%.....
0x00,0x00,0x0c,0x90,0x00,0x00,  //.....@%.....
0x00,0x00,0x0c,0x90,0x00,0x00,  //.....@%.....
0x00,0x00,0x0c,0x90,0x00,0x00,  //.....@%.....
0x00,0x00,0x0c,0x90,0x00,0x00,  //.....@%.....
0x00,0x00,0x0c,0x90,0x00,0x00,  //.....@%.....
0x00,0x00,0x0c,0x90,0x00,0x00,  //.....@%.....
0x00,0x00,0x0d,0xb0,0x00,0x00,  //....+@@+....
0x00,0x08,0xff,0xff,0x50,0x00,  //...%@@@@*...


/* U */
0x9f,0xff,0x70,0x00,0xef,0xf6,  //%@@@%...@@@*
0x06,0xf5,0x00,0x00,0x09,0x20,  //.*@*....+%+.
0x04,0xf2,0x00,0x00,0x08,0x00,  //.*@+.....%+.
0x04,0xf2,0x00,0x00,0x08,0x00,  //.*@+.....%+.
0x04,0xf2,0x00,0x00,0x08,0x00,  //.*@+.....%+.
0x04,0xf2,0x00,0x00,0x08,0x00,  //.*@+.....%+.
0x04,0xf2,0x00,0x00,0x08,0x00,  //.*@+.....%+.
0x04,0xf2,0x00,0x00,0x08,0x00,  //.*@+.....%+.
0x04,0xf2,0x00,0x00,0x08,0x00,  //.*@+.....%+.
0x04,0xf2,0x00,0x00,0x08,0x00,  //.*@+.....%+.
0x04,0xf2,0x00,0x00,0x08,0x00,  //.*@+.....%+.
0x04,0xf2,0x00,0x00,0x08,0x00,  //.*@+.....%+.
0x04,0xf3,0x00,0x00,0x09,0x00,  //.*@+.....%+.
0x01,0xf6,0x00,0x00,0x1a,0x00,  //.+@*....+%..
0x00,0x9d,0x51,0x14,0xc3,0x00,  //..%@*++*@+..
0x00,0x05,0xbe,0xea,0x20,0x00,  //..+*@@@%+...


/* V */
0x9f,0xff,0x60,0x00,0xff,0xf5,  //%@@@*..+@@@*
0x06,0xf6,0x00,0x00,0x1e,0x20,  //.*@*....+@+.
0x01,0xe7,0x00,0x00,0x1a,0x00,  //.+@%....+%..
0x00,0xcb,0x00,0x00,0x56,0x00,  //..@@....**..
0x00,0x8e,0x00,0x00,0x91,0x00,  //..%@+...%+..
0x00,0x4f,0x40,0x00,0xb0,0x00,  //..*@*..+@...
0x00,0x1e,0x80,0x03,0x80,0x00,  //..+@%..+%...
0x00,0x0c,0xc0,0x07,0x40,0x00,  //...@@..%*...
0x00,0x08,0xf1,0x0b,0x00,0x00,  //...%@+.@+...
0x00,0x04,0xf5,0x1a,0x00,0x00,  //...*@*+%....
0x00,0x00,0xe9,0x56,0x00,0x00,  //...+@%**....
0x00,0x00,0xbd,0xa2,0x00,0x00,  //....@@%+....
0x00,0x00,0x8f,0xd0,0x00,0x00,  //....%@@.....
0x00,0x00,0x4f,0x90,0x00,0x00,  //....*@%.....
0x00,0x00,0x0e,0x40,0x00,0x00,  //....+@*.....
0x00,0x00,0x0b,0x00,0x00,0x00,  //.....@+.....


/* W */
0xcf,0xf7,0x7f,0xfa,0x0f,0xfc,  //@@@*%@@%.@@@
0x0e,0x80,0x0a,0xc0,0x01,0xc0,  //+@%++%@+.+@+
0x0b,0x80,0x06,0xd0,0x01,0x80,  //.@%..*@..+%.
0x09,0xa0,0x05,0xe0,0x04,0x50,  //.%%..*@+.**.
0x06,0xd0,0x08,0xf3,0x07,0x30,  //.*@..%@+.*+.
0x04,0xf0,0x0b,0xf5,0x0a,0x00,  //.*@+.@@*.%+.
0x01,0xf3,0x0d,0xd8,0x0b,0x00,  //.+@++@@%.@..
0x00,0xe5,0x2a,0xba,0x1a,0x00,  //.+@*+%%%+%..
0x00,0xc8,0x67,0x8d,0x47,0x00,  //..@%**%@**..
0x00,0x9a,0x93,0x6e,0x84,0x00,  //..%%%**@%*..
0x00,0x7d,0xc0,0x3f,0xe2,0x00,  //..*@@+*@@+..
0x00,0x5f,0xc0,0x1f,0xe0,0x00,  //..*@@.+@@+..
0x00,0x2f,0x90,0x0e,0xb0,0x00,  //..+@%..@@...
0x00,0x0e,0x60,0x0c,0x90,0x00,  //..+@*..@%...
0x00,0x0d,0x30,0x09,0x60,0x00,  //...@+..%*...
0x00,0x0a,0x00,0x07,0x30,0x00,  //...%+..*+...


/* X */
0x0f,0xff,0xb0,0x08,0xff,0xf0,  //+@@@@..%@@@+
0x01,0xcd,0x00,0x00,0x6a,0x00,  //.+@@+...*%+.
0x00,0x4e,0x20,0x00,0xa1,0x00,  //..*@+...%+..
0x00,0x0c,0x90,0x03,0x80,0x00,  //..+@%..+%...
0x00,0x05,0xe2,0x0a,0x10,0x00,  //...*@+.%+...
0x00,0x00,0xc9,0x38,0x00,0x00,  //...+@%+%....
0x00,0x00,0x5e,0xb1,0x00,0x00,  //....*@@+....
0x00,0x00,0x0d,0xb0,0x00,0x00,  //....+@%.....
0x00,0x00,0x0b,0xe1,0x00,0x00,  //.....%@+....
0x00,0x00,0x39,0xd9,0x00,0x00,  //....+%@%....
0x00,0x00,0xa1,0x6e,0x10,0x00,  //....%+*@+...
0x00,0x03,0x80,0x0d,0x80,0x00,  //...+%.+@%...
0x00,0x0a,0x10,0x07,0xe1,0x00,  //...%+..*@+..
0x00,0x38,0x00,0x00,0xe8,0x00,  //..+%...+@%..
0x01,0xc5,0x00,0x00,0x9e,0x40,  //.+@*....%@*.
0x5f,0xff,0x30,0x08,0xff,0xf6,  //*@@@+..%@@@*


/* Y */
0x6f,0xff,0xa0,0x04,0xff,0xf5,  //*@@@%..*@@@*
0x05,0xf7,0x00,0x00,0x3d,0x20,  //+*@%....+@+.
0x00,0xcb,0x00,0x00,0x46,0x00,  //..@%....**..
0x00,0x6f,0x20,0x00,0xa1,0x00,  //..*@+...%+..
0x00,0x0e,0x80,0x02,0x90,0x00,  //..+@%..+%...
0x00,0x08,0xe0,0x09,0x20,0x00,  //...%@+.%+...
0x00,0x02,0xf6,0x1b,0x00,0x00,  //...+@*+%....
0x00,0x00,0xbd,0x75,0x00,0x00,  //....@@%*....
0x00,0x00,0x5f,0xd0,0x00,0x00,  //....*@@+....
0x00,0x00,0x0d,0x90,0x00,0x00,  //....+@%.....
0x00,0x00,0x0c,0x90,0x00,0x00,  //.....@%.....
0x00,0x00,0x0c,0x90,0x00,0x00,  //.....@%.....
0x00,0x00,0x0c,0x90,0x00,0x00,  //.....@%.....
0x00,0x00,0x0c,0x90,0x00,0x00,  //.....@%.....
0x00,0x00,0x0d,0xb0,0x00,0x00,  //....+@@+....
0x00,0x08,0xff,0xff,0x50,0x00,  //...%@@@@*...


/* Z */
0x00,0xbf,0xff,0xff,0xff,0xa0,  //..@@@@@@@@%
0x02,0xe9,0x20,0x00,0x2e,0x20,  //.+@%++..+@+
0x07,0x50,0x00,0x00,0xb8,0x00,  //.**.....%%.
0x00,0x00,0x00,0x04,0xe1,0x00,  //.......*@+.
0x00,0x00,0x00,0x0c,0x70,0x00,  //......+@*..
0x00,0x00,0x00,0x5d,0x00,0x00,  //......*@+..
0x00,0x00,0x00,0xd5,0x00,0x00,  //.....+@*...
0x00,0x00,0x07,0xc0,0x00,0x00,  //.....*@+...
0x00,0x00,0x1e,0x40,0x00,0x00,  //....+@*....
0x00,0x00,0x8b,0x00,0x00,0x00,  //....%%.....
0x00,0x02,0xe3,0x00,0x00,0x00,  //...+@+.....
0x00,0x0a,0x90,0x00,0x00,0x00,  //...%%......
0x00,0x3e,0x10,0x00,0x00,0x90,  //..+@+....+%
0x00,0xb8,0x00,0x00,0x07,0x70,  //..@%.....%%
0x05,0xd0,0x00,0x01,0x8f,0x30,  //.*@+..++%@+
0x0c,0xff,0xff,0xff,0xfe,0x00,  //+@@@@@@@@@+


/* [ */
0x4f,0xff,0xff,0x40,  //*@@@@@*
0x49,0x00,0x00,0x00,  //*%.....
0x49,0x00,0x00,0x00,  //*%.....
0x49,0x00,0x00,0x00,  //*%.....
0x49,0x00,0x00,0x00,  //*%.....
0x49,0x00,0x00,0x00,  //*%.....
0x49,0x00,0x00,0x00,  //*%.....
0x49,0x00,0x00,0x00,  //*%.....
0x49,0x00,0x00,0x00,  //*%.....
0x49,0x00,0x00,0x00,  //*%.....
0x49,0x00,0x00,0x00,  //*%.....
0x49,0x00,0x00,0x00,  //*%.....
0x49,0x00,0x00,0x00,  //*%.....
0x49,0x00,0x00,0x00,  //*%.....
0x49,0x00,0x00,0x00,  //*%.....
0x49,0x00,0x00,0x00,  //*%.....
0x49,0x00,0x00,0x00,  //*%.....
0x49,0x00,0x00,0x00,  //*%.....
0x49,0x00,0x00,0x00,  //*%.....
0x49,0x00,0x00,0x00,  //*%.....
0x4f,0xff,0xff,0x40,  //*@@@@@*


/* \ */
0x06,0x00,0x00,0x00,0x00,  //+*+.......
0x0c,0x40,0x00,0x00,0x00,  //.@*.......
0x06,0xa0,0x00,0x00,0x00,  //.*%.......
0x01,0xe1,0x00,0x00,0x00,  //.+@+......
0x00,0x97,0x00,0x00,0x00,  //..%*......
0x00,0x3d,0x00,0x00,0x00,  //..*@+.....
0x00,0x0c,0x40,0x00,0x00,  //...@*.....
0x00,0x06,0xa0,0x00,0x00,  //...*%.....
0x00,0x01,0xe1,0x00,0x00,  //...+@+....
0x00,0x00,0x97,0x00,0x00,  //....%*....
0x00,0x00,0x3d,0x00,0x00,  //....*@+...
0x00,0x00,0x0c,0x40,0x00,  //.....@*...
0x00,0x00,0x06,0xa0,0x00,  //.....*%...
0x00,0x00,0x01,0xe1,0x00,  //.....+@+..
0x00,0x00,0x00,0x97,0x00,  //......%*..
0x00,0x00,0x00,0x3c,0x00,  //......*@+.
0x00,0x00,0x00,0x0c,0x40,  //......+@*.
0x00,0x00,0x00,0x06,0xa0,  //.......*%.
0x00,0x00,0x00,0x01,0xe1,  //.......+@+
0x00,0x00,0x00,0x00,0xa6,  //........%*
0x00,0x00,0x00,0x00,0x26,  //........+*


/* ] */
0x6f,0xff,0xff,0x30,  //*@@@@@+
0x00,0x00,0x0a,0x30,  //.....%+
0x00,0x00,0x0a,0x30,  //.....%+
0x00,0x00,0x0a,0x30,  //.....%+
0x00,0x00,0x0a,0x30,  //.....%+
0x00,0x00,0x0a,0x30,  //.....%+
0x00,0x00,0x0a,0x30,  //.....%+
0x00,0x00,0x0a,0x30,  //.....%+
0x00,0x00,0x0a,0x30,  //.....%+
0x00,0x00,0x0a,0x30,  //.....%+
0x00,0x00,0x0a,0x30,  //.....%+
0x00,0x00,0x0a,0x30,  //.....%+
0x00,0x00,0x0a,0x30,  //.....%+
0x00,0x00,0x0a,0x30,  //.....%+
0x00,0x00,0x0a,0x30,  //.....%+
0x00,0x00,0x0a,0x30,  //.....%+
0x00,0x00,0x0a,0x30,  //.....%+
0x00,0x00,0x0a,0x30,  //.....%+
0x00,0x00,0x0a,0x30,  //.....%+
0x00,0x00,0x0a,0x30,  //.....%+
0x6f,0xff,0xff,0x30,  //*@@@@@+


/* ^ */
0x00,0x7f,0xf7,0x00,  //..*@@*..
0x03,0xd5,0x5d,0x30,  //.+@**@+.
0x08,0x10,0x01,0x80,  //+%+..+%+


/* _ */
0xff,0xff,0xff,0xff,0xff,0xfd,  //@@@@@@@@@@@@


/* ` */
0x06,0xce,0x50,  //.*@@*.
0x00,0x02,0x85,  //...+%*


/* a */
0x02,0x8c,0xed,0xb4,0x00,0x00,  //.+%@@@@*...
0x2e,0x82,0x00,0x3e,0x30,0x00,  //+@%++++@+..
0x3e,0x20,0x00,0x0b,0x70,0x00,  //+@+....@%..
0x00,0x03,0x7a,0xde,0x80,0x00,  //...+*%@@%..
0x03,0xcd,0x84,0x1b,0x80,0x00,  //.+@@%*+@%..
0x2e,0x90,0x00,0x0b,0x80,0x00,  //+@%+...@%..
0xad,0x00,0x00,0x0b,0x80,0x00,  //%@+....@%..
0xd9,0x00,0x00,0x0b,0x80,0x00,  //@%.....@%..
0xcc,0x00,0x00,0x0c,0x80,0x00,  //@@....+@%..
0x6f,0x60,0x15,0xcd,0x91,0x60,  //*@*++*@@%+*
0x06,0xce,0xd9,0x24,0xec,0x10,  //+*@@@%+*@@+


/* b */
0x00,0x63,0x00,0x00,0x00,0x00,  //.+*+.......
0x6f,0xf4,0x00,0x00,0x00,0x00,  //*@@*.......
0x02,0xf4,0x00,0x00,0x00,0x00,  //.+@*.......
0x00,0xf4,0x00,0x00,0x00,0x00,  //.+@*.......
0x00,0xf4,0x00,0x00,0x00,0x00,  //.+@*.......
0x00,0xf4,0x00,0x00,0x00,0x00,  //.+@*.......
0x00,0xf4,0x2a,0xed,0x80,0x00,  //.+@*+%@@%+.
0x00,0xf7,0xb3,0x02,0xca,0x00,  //.+@*%+++@%.
0x00,0xfc,0x00,0x00,0x4f,0x30,  //.+@@+...*@+
0x00,0xf6,0x00,0x00,0x0e,0x70,  //.+@*....+@%
0x00,0xf4,0x00,0x00,0x0c,0x90,  //.+@*.....@%
0x00,0xf4,0x00,0x00,0x0c,0xa0,  //.+@*.....@%
0x00,0xf4,0x00,0x00,0x0d,0x90,  //.+@*.....@%
0x00,0xf4,0x00,0x00,0x0e,0x60,  //.+@*....+@*
0x00,0xf7,0x00,0x00,0x5e,0x10,  //.+@%....*@+
0x00,0xfd,0x61,0x04,0xd7,0x00,  //.+@@*++*@*.
0x00,0xa1,0x9d,0xec,0x50,0x00,  //.+%+%@@@*..


/* c */
0x00,0x19,0xde,0xc5,0x00,  //..+%@@@*..
0x02,0xda,0x20,0x4e,0x50,  //.+@%++*@*.
0x0c,0xb0,0x00,0x0c,0xb0,  //+@@+...@@.
0x4f,0x40,0x00,0x0b,0x90,  //*@*....%%.
0x7f,0x00,0x00,0x00,0x00,  //%@+.......
0x8e,0x00,0x00,0x00,0x00,  //%@........
0x7e,0x00,0x00,0x00,0x00,  //%@+.......
0x5f,0x20,0x00,0x00,0x25,  //*@+.....+*
0x0e,0x90,0x00,0x00,0xa0,  //+@%....+%+
0x04,0xe8,0x10,0x2a,0x50,  //.*@%+++%*.
0x00,0x3a,0xee,0xc5,0x00,  //..+%@@@*..


/* d */
0x00,0x00,0x00,0x01,0x80,0x00,  //.......+%..
0x00,0x00,0x00,0xef,0xe0,0x00,  //......@@@..
0x00,0x00,0x00,0x08,0xe0,0x00,  //.......%@..
0x00,0x00,0x00,0x05,0xe0,0x00,  //.......*@..
0x00,0x00,0x00,0x05,0xe0,0x00,  //.......*@..
0x00,0x00,0x00,0x05,0xe0,0x00,  //.......*@..
0x00,0x3b,0xed,0x86,0xe0,0x00,  //..+%@@%*@..
0x04,0xe7,0x01,0x6d,0xe0,0x00,  //.*@*++*@@..
0x0d,0x90,0x00,0x06,0xe0,0x00,  //+@%....*@..
0x4f,0x30,0x00,0x05,0xe0,0x00,  //*@+....*@..
0x7f,0x00,0x00,0x05,0xe0,0x00,  //%@+....*@..
0x8e,0x00,0x00,0x05,0xe0,0x00,  //%@.....*@..
0x8e,0x00,0x00,0x05,0xe0,0x00,  //%@.....*@..
0x5f,0x10,0x00,0x06,0xe0,0x00,  //*@+....*@..
0x1e,0x60,0x00,0x0c,0xe1,0x00,  //+@*...+@@+.
0x06,0xe5,0x01,0x9a,0xff,0x50,  //.*@*++%%@@*
0x00,0x5c,0xec,0x45,0x71,0x00,  //..*@@@**%+.


/* e */
0x00,0x19,0xde,0xc5,0x00,  //..+%@@@*+.
0x02,0xd6,0x10,0x4d,0x80,  //.+@*++*@%.
0x0b,0x60,0x00,0x04,0xf2,  //.@*....*@+
0x2f,0x10,0x00,0x00,0xf6,  //+@+....+@*
0x6f,0xff,0xff,0xff,0xf8,  //*@@@@@@@@%
0x7f,0x00,0x00,0x00,0x00,  //*@+.......
0x6f,0x10,0x00,0x00,0x00,  //*@+.......
0x3f,0x40,0x00,0x00,0x00,  //+@*.......
0x0c,0xb0,0x00,0x00,0x71,  //+@@+....*+
0x03,0xea,0x20,0x28,0x80,  //.+@%+++%%.
0x00,0x29,0xde,0xc6,0x00,  //..+%@@@*+.


/* f */
0x00,0x00,0x29,0xde,0xc5,0x00,  //....+%@@@*.
0x00,0x02,0xe6,0x10,0x7e,0x20,  //...+@*++%@+
0x00,0x09,0xa0,0x00,0x4e,0x20,  //...%%...*@+
0x00,0x0b,0x80,0x00,0x00,0x00,  //...@%......
0x00,0x0b,0x80,0x00,0x00,0x00,  //...@%......
0xaf,0xff,0xff,0xff,0x70,0x00,  //%@@@@@@@*..
0x00,0x0b,0x80,0x00,0x00,0x00,  //...@%......
0x00,0x0b,0x80,0x00,0x00,0x00,  //...@%......
0x00,0x0b,0x80,0x00,0x00,0x00,  //...@%......
0x00,0x0b,0x80,0x00,0x00,0x00,  //...@%......
0x00,0x0b,0x80,0x00,0x00,0x00,  //...@%......
0x00,0x0b,0x80,0x00,0x00,0x00,  //...@%......
0x00,0x0b,0x80,0x00,0x00,0x00,  //...@%......
0x00,0x0b,0x80,0x00,0x00,0x00,  //...@%......
0x00,0x0d,0xa0,0x00,0x00,0x00,  //..+@%+.....
0x3f,0xff,0xff,0xf9,0x00,0x00,  //+@@@@@@%...


/* g */
0x00,0x5c,0xed,0xa4,0xad,0x10,  //..*@@@%*%@+
0x04,0xe4,0x02,0xad,0x1d,0x20,  //.*@*++%@+@+
0x0c,0x70,0x00,0x1e,0x40,0x00,  //.@*...+@*..
0x0e,0x40,0x00,0x0d,0x60,0x00,  //+@*....@*..
0x0c,0x70,0x00,0x0e,0x40,0x00,  //.@*...+@*..
0x04,0xe5,0x01,0x9c,0x00,0x00,  //.*@*++%@+..
0x02,0xab,0xee,0x91,0x00,0x00,  //.+%@@@%+...
0x0c,0x40,0x00,0x00,0x00,0x00,  //.@*........
0x09,0xeb,0x97,0x52,0x00,0x00,  //.%@%%**+...
0x05,0x97,0x9b,0xdf,0xb1,0x00,  //.*%*%@@@@+.
0x5a,0x00,0x00,0x01,0xd7,0x00,  //*%.....+@*.
0x99,0x00,0x00,0x00,0xa7,0x00,  //%%......%%.
0x4e,0x82,0x00,0x27,0xe2,0x00,  //*@%++++%@+.
0x02,0x9d,0xee,0xd9,0x20,0x00,  //.+%@@@@%+..


/* h */
0x00,0x55,0x00,0x00,0x00,0x00,  //.+**........
0x5f,0xf5,0x00,0x00,0x00,0x00,  //*@@*........
0x01,0xe5,0x00,0x00,0x00,0x00,  //.+@*........
0x00,0xe5,0x00,0x00,0x00,0x00,  //..@*........
0x00,0xe5,0x00,0x00,0x00,0x00,  //..@*........
0x00,0xe5,0x00,0x00,0x00,0x00,  //..@*........
0x00,0xe5,0x2a,0xed,0x90,0x00,  //..@*+%@@%+..
0x00,0xe9,0xc4,0x02,0xc8,0x00,  //..@%@*++@%..
0x00,0xeb,0x00,0x00,0x7c,0x00,  //..@@+...*@..
0x00,0xe5,0x00,0x00,0x5e,0x00,  //..@*....*@..
0x00,0xe5,0x00,0x00,0x5e,0x00,  //..@*....*@..
0x00,0xe5,0x00,0x00,0x5e,0x00,  //..@*....*@..
0x00,0xe5,0x00,0x00,0x5e,0x00,  //..@*....*@..
0x00,0xe5,0x00,0x00,0x5e,0x00,  //..@*....*@..
0x00,0xe5,0x00,0x00,0x5e,0x00,  //..@*....*@..
0x01,0xe7,0x00,0x00,0x7e,0x10,  //.+@%+...*@+.
0x3f,0xff,0xa0,0x0a,0xff,0xf3,  //*@@@%..%@@@*


/* i */
0x00,0x0c,0xd2,0x00,  //..+@@+..
0x00,0x0b,0xd1,0x00,  //..+@@+..
0x00,0x00,0x00,0x00,  //........
0x00,0x00,0x00,0x00,  //........
0x00,0x00,0x00,0x00,  //........
0x7f,0xff,0x90,0x00,  //*@@@%...
0x00,0x0b,0x90,0x00,  //..+@%...
0x00,0x09,0x90,0x00,  //...%%...
0x00,0x09,0x90,0x00,  //...%%...
0x00,0x09,0x90,0x00,  //...%%...
0x00,0x09,0x90,0x00,  //...%%...
0x00,0x09,0x90,0x00,  //...%%...
0x00,0x09,0x90,0x00,  //...%%...
0x00,0x09,0x90,0x00,  //...%%...
0x00,0x0b,0xb0,0x00,  //..+@@+..
0x7f,0xff,0xff,0xf7,  //*@@@@@@*


/* j */
0x00,0x00,0x00,0x6e,0x70,  //......*@%
0x00,0x00,0x00,0x6e,0x70,  //......*@*
0x00,0x00,0x00,0x00,0x00,  //.........
0x00,0x00,0x00,0x00,0x00,  //.........
0x00,0x00,0x00,0x00,0x00,  //.........
0x00,0x00,0xbf,0xff,0x40,  //....@@@@*
0x00,0x00,0x00,0x2f,0x40,  //......+@*
0x00,0x00,0x00,0x0f,0x40,  //......+@*
0x00,0x00,0x00,0x0f,0x40,  //......+@*
0x00,0x00,0x00,0x0f,0x40,  //......+@*
0x00,0x00,0x00,0x0f,0x40,  //......+@*
0x00,0x00,0x00,0x0f,0x40,  //......+@*
0x00,0x00,0x00,0x0f,0x40,  //......+@*
0x00,0x00,0x00,0x0f,0x40,  //......+@*
0x00,0x00,0x00,0x0f,0x40,  //......+@*
0x00,0x00,0x00,0x1f,0x30,  //......+@+
0x00,0x00,0x00,0x5e,0x00,  //......*@+
0x0d,0xa0,0x04,0xd5,0x00,  //+@%++*@*.
0x07,0xde,0xea,0x30,0x00,  //.%@@@%+..


/* k */
0x00,0x46,0x00,0x00,0x00,0x00,  //.+**........
0x3f,0xf7,0x00,0x00,0x00,0x00,  //*@@*........
0x00,0xd7,0x00,0x00,0x00,0x00,  //.+@*........
0x00,0xc7,0x00,0x00,0x00,0x00,  //..@*........
0x00,0xc7,0x00,0x00,0x00,0x00,  //..@*........
0x00,0xc7,0x00,0x00,0x00,0x00,  //..@*........
0x00,0xc7,0x00,0x6f,0xff,0x70,  //..@*..*@@@%.
0x00,0xc7,0x00,0x0a,0x91,0x00,  //..@*...%%+..
0x00,0xc7,0x00,0x7a,0x00,0x00,  //..@*..%%+...
0x00,0xc7,0x06,0xb0,0x00,0x00,  //..@*.*@+....
0x00,0xc7,0x4e,0x70,0x00,0x00,  //..@**@%.....
0x00,0xca,0xd8,0xe2,0x00,0x00,  //..@%@%@+....
0x00,0xce,0x30,0xcb,0x00,0x00,  //..@@++@@+...
0x00,0xc8,0x00,0x3e,0x60,0x00,  //..@%..+@*...
0x00,0xc7,0x00,0x08,0xe1,0x00,  //..@*...%@+..
0x00,0xd8,0x00,0x00,0xda,0x00,  //.+@%+..+@%+.
0x2f,0xff,0xb0,0x08,0xff,0xf3,  //+@@@@..%@@@*


/* l */
0x00,0x27,0x90,0x00,  //.++*%...
0x8f,0xff,0x90,0x00,  //%@@@%...
0x00,0x0b,0x90,0x00,  //..+@%...
0x00,0x09,0x90,0x00,  //...%%...
0x00,0x09,0x90,0x00,  //...%%...
0x00,0x09,0x90,0x00,  //...%%...
0x00,0x09,0x90,0x00,  //...%%...
0x00,0x09,0x90,0x00,  //...%%...
0x00,0x09,0x90,0x00,  //...%%...
0x00,0x09,0x90,0x00,  //...%%...
0x00,0x09,0x90,0x00,  //...%%...
0x00,0x09,0x90,0x00,  //...%%...
0x00,0x09,0x90,0x00,  //...%%...
0x00,0x09,0x90,0x00,  //...%%...
0x00,0x09,0x90,0x00,  //...%%...
0x00,0x0b,0xb0,0x00,  //..+@@+..
0x9f,0xff,0xff,0xf9,  //%@@@@@@%


/* m */
0x9f,0x88,0xed,0x36,0xdd,0x50,  //%@%%@@+*@@*.
0x0c,0xd5,0x0b,0xd8,0x08,0xc0,  //+@@*+@@%+%@.
0x0b,0xa0,0x08,0xc0,0x05,0xe0,  //.@%..%@+.*@.
0x0b,0x80,0x08,0xb0,0x05,0xe0,  //.@%..%@..*@.
0x0b,0x80,0x08,0xb0,0x05,0xe0,  //.@%..%@..*@.
0x0b,0x80,0x08,0xb0,0x05,0xe0,  //.@%..%@..*@.
0x0b,0x80,0x08,0xb0,0x05,0xe0,  //.@%..%@..*@.
0x0b,0x80,0x08,0xb0,0x05,0xe0,  //.@%..%@..*@.
0x0b,0x80,0x08,0xb0,0x05,0xe0,  //.@%..%@..*@.
0x0c,0x90,0x09,0xc0,0x06,0xe1,  //+@%++%@+.*@+
0xaf,0xf7,0x7f,0xfa,0x4f,0xfd,  //%@@*%@@%*@@@


/* n */
0x2f,0xf5,0x2a,0xed,0x80,0x00,  //+@@*+%@@%+..
0x00,0xe9,0xc4,0x02,0xd8,0x00,  //.+@%@*++@%..
0x00,0xec,0x10,0x00,0x7c,0x00,  //..@@+...*@..
0x00,0xe5,0x00,0x00,0x5e,0x00,  //..@*....*@..
0x00,0xe5,0x00,0x00,0x5e,0x00,  //..@*....*@..
0x00,0xe5,0x00,0x00,0x5e,0x00,  //..@*....*@..
0x00,0xe5,0x00,0x00,0x5e,0x00,  //..@*....*@..
0x00,0xe5,0x00,0x00,0x5e,0x00,  //..@*....*@..
0x00,0xe5,0x00,0x00,0x5e,0x00,  //..@*....*@..
0x01,0xe7,0x00,0x00,0x7e,0x10,  //.+@%+...*@+.
0x3f,0xff,0xa0,0x0a,0xff,0xf3,  //*@@@%..%@@@*


/* o */
0x00,0x3a,0xee,0xb3,0x00,  //..+%@@%*..
0x04,0xe7,0x11,0x6e,0x50,  //.*@*++*@*.
0x1e,0x60,0x00,0x06,0xe1,  //+@*....*@+
0x7d,0x00,0x00,0x00,0xd7,  //%@+....+@%
0xba,0x00,0x00,0x00,0xab,  //@%......%@
0xc9,0x00,0x00,0x00,0x9c,  //@%......%@
0xba,0x00,0x00,0x00,0xbb,  //@%......%@
0x8d,0x00,0x00,0x00,0xd8,  //%@.....+@%
0x2e,0x40,0x00,0x05,0xe2,  //+@*....*@+
0x05,0xe6,0x00,0x5e,0x50,  //.*@*++*@*.
0x00,0x4b,0xee,0xb3,0x00,  //..*%@@%*..


/* p */
0x5f,0xf5,0x3b,0xed,0x80,0x00,  //*@@**@@@%+.
0x01,0xe9,0xb3,0x02,0xcb,0x00,  //.+@%@+++@@+
0x00,0xeb,0x00,0x00,0x2e,0x50,  //..@@+...+@*
0x00,0xe5,0x00,0x00,0x0c,0xa0,  //..@*.....@%
0x00,0xe5,0x00,0x00,0x0a,0xc0,  //..@*.....%@
0x00,0xe5,0x00,0x00,0x09,0xc0,  //..@*.....%@
0x00,0xe5,0x00,0x00,0x0a,0xb0,  //..@*.....%@
0x00,0xe5,0x00,0x00,0x0d,0x90,  //..@*....+@%
0x00,0xe8,0x00,0x00,0x5f,0x30,  //..@%....*@+
0x00,0xee,0x81,0x05,0xe8,0x00,  //..@@%++*@%.
0x00,0xe6,0x7d,0xec,0x60,0x00,  //..@*%@@@*..
0x00,0xe5,0x00,0x00,0x00,0x00,  //..@*.......
0x01,0xe7,0x00,0x00,0x00,0x00,  //.+@*+......
0x5f,0xff,0xe0,0x00,0x00,0x00,  //*@@@@......


/* q */
0x00,0x4b,0xed,0x70,0xa0,0x00,  //..*@@@*+%..
0x05,0xe6,0x01,0x8d,0xc0,0x00,  //.*@*++%@@..
0x1e,0x60,0x00,0x0a,0xc0,0x00,  //+@*....%@..
0x7e,0x00,0x00,0x07,0xc0,0x00,  //%@+....*@..
0xac,0x00,0x00,0x07,0xc0,0x00,  //%@.....*@..
0xbb,0x00,0x00,0x07,0xc0,0x00,  //@%.....*@..
0xab,0x00,0x00,0x07,0xc0,0x00,  //%%.....*@..
0x8d,0x00,0x00,0x07,0xc0,0x00,  //%@.....*@..
0x3f,0x30,0x00,0x0a,0xc0,0x00,  //+@+....%@..
0x09,0xd4,0x02,0x9c,0xc0,0x00,  //.%@*++%@@..
0x00,0x7d,0xec,0x57,0xc0,0x00,  //.+*@@@**@..
0x00,0x00,0x00,0x07,0xc0,0x00,  //.......*@..
0x00,0x00,0x00,0x08,0xd1,0x00,  //......+%@+.
0x00,0x00,0x00,0xff,0xff,0x30,  //.....+@@@@*


/* r */
0x2f,0xff,0xb0,0x08,0xde,0x80,  //+@@@@.+%@@%
0x00,0x0a,0xb1,0xb5,0x0b,0xb0,  //..+%@+@*+@@
0x00,0x08,0xba,0x20,0x00,0x00,  //...%@%+....
0x00,0x08,0xe5,0x00,0x00,0x00,  //...%@*.....
0x00,0x08,0xc0,0x00,0x00,0x00,  //...%@......
0x00,0x08,0xb0,0x00,0x00,0x00,  //...%@......
0x00,0x08,0xb0,0x00,0x00,0x00,  //...%@......
0x00,0x08,0xb0,0x00,0x00,0x00,  //...%@......
0x00,0x08,0xb0,0x00,0x00,0x00,  //...%@......
0x00,0x09,0xd0,0x00,0x00,0x00,  //..+%@+.....
0x3f,0xff,0xff,0xfa,0x00,0x00,  //*@@@@@@%...


/* s */
0x00,0x3a,0xed,0xb8,0x70,  //..+%@@@%%.
0x03,0xd4,0x00,0x4c,0xb0,  //.+@*++*@@.
0x09,0x70,0x00,0x00,0xb0,  //.%%....+%.
0x08,0xb0,0x00,0x00,0x00,  //.%%+......
0x01,0xdd,0x83,0x00,0x00,  //.+@@%+....
0x00,0x06,0xcf,0xc5,0x00,  //..+*@@@*..
0x00,0x00,0x03,0x9e,0x80,  //.....+%@%.
0x0a,0x00,0x00,0x03,0xe1,  //+%.....+@+
0x0d,0x20,0x00,0x00,0xe1,  //.@+....+@+
0x0c,0xd5,0x10,0x18,0xb0,  //.@@*+++%%.
0x09,0x8b,0xee,0xd8,0x10,  //.%%@@@@%+.


/* t */
0x00,0x00,0x90,0x00,0x00,  //...+%.....
0x00,0x02,0x90,0x00,0x00,  //...+%.....
0x00,0x07,0x90,0x00,0x00,  //...%%.....
0x00,0x5e,0x90,0x00,0x00,  //.+*@%.....
0x7f,0xff,0xff,0xff,0x50,  //%@@@@@@@*.
0x00,0x0a,0x90,0x00,0x00,  //...%%.....
0x00,0x0a,0x90,0x00,0x00,  //...%%.....
0x00,0x0a,0x90,0x00,0x00,  //...%%.....
0x00,0x0a,0x90,0x00,0x00,  //...%%.....
0x00,0x0a,0x90,0x00,0x00,  //...%%.....
0x00,0x0a,0x90,0x00,0x00,  //...%%.....
0x00,0x0a,0x90,0x00,0x00,  //...%%.....
0x00,0x08,0xa0,0x00,0x61,  //...%%...*+
0x00,0x04,0xe3,0x03,0x90,  //...*@+++%.
0x00,0x00,0x7d,0xe9,0x10,  //...+%@@%+.


/* u */
0x00,0x64,0x00,0x00,0x29,0x00,  //.+**...++%..
0x6f,0xf4,0x00,0x0d,0xfc,0x00,  //*@@*...@@@..
0x02,0xf4,0x00,0x00,0x9c,0x00,  //.+@*...+%@..
0x00,0xf4,0x00,0x00,0x7c,0x00,  //.+@*....*@..
0x00,0xf4,0x00,0x00,0x7c,0x00,  //.+@*....*@..
0x00,0xf4,0x00,0x00,0x7c,0x00,  //.+@*....*@..
0x00,0xf4,0x00,0x00,0x7c,0x00,  //.+@*....*@..
0x00,0xf4,0x00,0x00,0x7c,0x00,  //.+@*....*@..
0x00,0xf4,0x00,0x00,0x7c,0x00,  //.+@*....*@..
0x00,0xe6,0x00,0x00,0xce,0x10,  //..@*...+@@+.
0x00,0x9d,0x30,0x29,0x9f,0xf3,  //..%@+++%%@@*
0x00,0x19,0xde,0xa2,0x66,0x00,  //..+%@@%+**+.


/* v */
0x2f,0xff,0xd0,0x06,0xff,0xe0,  //+@@@@..*@@@
0x01,0xcc,0x00,0x00,0x6b,0x10,  //.+@@+..+*@+
0x00,0x6d,0x00,0x00,0x83,0x00,  //..*@+...%+.
0x00,0x1e,0x40,0x00,0xb0,0x00,  //..+@*..+@..
0x00,0x0b,0xa0,0x04,0x70,0x00,  //...%%..**..
0x00,0x05,0xe1,0x0a,0x10,0x00,  //...*@+.%+..
0x00,0x00,0xe7,0x1a,0x00,0x00,  //...+@*+%...
0x00,0x00,0xac,0x75,0x00,0x00,  //....%@**...
0x00,0x00,0x5f,0xd0,0x00,0x00,  //....*@@+...
0x00,0x00,0x0e,0x90,0x00,0x00,  //....+@%....
0x00,0x00,0x09,0x40,0x00,0x00,  //.....%*....


/* w */
0xdf,0xf7,0xaf,0xf7,0x4f,0xfd,  //@@@*%@@%*@@@
0x1d,0xa0,0x09,0xb0,0x03,0xb0,  //+@%.+%@+.+%+
0x08,0xa0,0x08,0xc0,0x05,0x50,  //.%%..%@..**.
0x04,0xe0,0x0c,0xf1,0x09,0x10,  //.*@+.@@+.%+.
0x01,0xe3,0x1b,0xe5,0x0b,0x00,  //.+@++@@*+%..
0x00,0xc7,0x47,0xa9,0x38,0x00,  //..@%*%%%+%..
0x00,0x8b,0x83,0x7d,0x74,0x00,  //..%@%**@**..
0x00,0x4e,0xd0,0x3f,0xd0,0x00,  //..*@@++@@+..
0x00,0x1e,0xb0,0x0e,0xb0,0x00,  //..+@@.+@@...
0x00,0x0c,0x70,0x0b,0x80,0x00,  //...@%..@%...
0x00,0x08,0x30,0x07,0x40,0x00,  //...%*..%*...


/* x */
0x08,0xff,0xf6,0x0f,0xff,0x80,  //.%@@@*+@@@%
0x00,0x3e,0x90,0x00,0xc2,0x00,  //..+@%..+@+.
0x00,0x06,0xe1,0x06,0x50,0x00,  //...*@+.**..
0x00,0x00,0xba,0x29,0x00,0x00,  //...+@%+%...
0x00,0x00,0x2e,0xc1,0x00,0x00,  //....+@@+...
0x00,0x00,0x0a,0xd1,0x00,0x00,  //.....%@+...
0x00,0x00,0x48,0xc9,0x00,0x00,  //....*%@%...
0x00,0x01,0xa0,0x2e,0x30,0x00,  //...+%++@*..
0x00,0x0a,0x20,0x07,0xc0,0x00,  //...%+..%@+.
0x00,0x8a,0x00,0x01,0xfa,0x00,  //.+%%+..+@%+
0x2f,0xff,0x70,0x2f,0xff,0xe0,  //+@@@%.+@@@@


/* y */
0xef,0xfe,0x00,0xbf,0xff,0x20,  //@@@@..@@@@+
0x0a,0xe1,0x00,0x09,0xa0,0x00,  //+%@+..+%%+.
0x02,0xf2,0x00,0x0a,0x10,0x00,  //.+@+...%+..
0x00,0xb7,0x00,0x1b,0x00,0x00,  //..@%..+%...
0x00,0x5c,0x00,0x65,0x00,0x00,  //..*@..**...
0x00,0x0d,0x30,0xb0,0x00,0x00,  //..+@+.%+...
0x00,0x07,0x81,0x90,0x00,0x00,  //...%%+%....
0x00,0x01,0xd7,0x40,0x00,0x00,  //...+@**....
0x00,0x00,0xad,0x00,0x00,0x00,  //....%@+....
0x00,0x00,0x58,0x00,0x00,0x00,  //....*%.....
0x00,0x00,0x83,0x00,0x00,0x00,  //....%+.....
0x00,0x00,0xb0,0x00,0x00,0x00,  //...+@......
0x2d,0x56,0x50,0x00,0x00,0x00,  //+@***......
0x2d,0xd7,0x00,0x00,0x00,0x00,  //+@@*.......


/* z */
0x0e,0xff,0xff,0xff,0x90,  //+@@@@@@@%.
0x1e,0x40,0x00,0x4e,0x10,  //+@*+..*@+.
0x37,0x00,0x01,0xd5,0x00,  //+*...+@*..
0x00,0x00,0x0a,0xa0,0x00,  //.....%%...
0x00,0x00,0x6d,0x10,0x00,  //....*@+...
0x00,0x02,0xe4,0x00,0x00,  //...+@*....
0x00,0x0c,0x90,0x00,0x00,  //..+@%.....
0x00,0x7d,0x00,0x00,0x63,  //..%@+...*+
0x03,0xe3,0x00,0x00,0xc1,  //.+@+...+@+
0x0d,0x80,0x00,0x19,0xd0,  //+@%..++%@.
0x5f,0xff,0xff,0xff,0xb0,  //*@@@@@@@%.


/* { */
0x00,0x08,0xd3,  //..+%@+
0x00,0x8a,0x10,  //..%%+.
0x00,0xb1,0x00,  //..@+..
0x00,0xc0,0x00,  //..@...
0x00,0xc0,0x00,  //..@...
0x00,0xc0,0x00,  //..@...
0x00,0xc0,0x00,  //..@...
0x00,0xc0,0x00,  //..@...
0x00,0xd0,0x00,  //.+@...
0x19,0x80,0x00,  //+%%...
0xd8,0x00,0x00,  //@%+...
0x18,0x60,0x00,  //+%*...
0x00,0xc0,0x00,  //.+@...
0x00,0xc0,0x00,  //..@...
0x00,0xc0,0x00,  //..@...
0x00,0xc0,0x00,  //..@...
0x00,0xc0,0x00,  //..@...
0x00,0xc0,0x00,  //..@...
0x00,0xb1,0x00,  //..@+..
0x00,0x8a,0x10,  //..%%+.
0x00,0x09,0xd3,  //..+%@+


/* | */
0x52,  //*+
0x52,  //*+
0x52,  //*+
0x52,  //*+
0x52,  //*+
0x52,  //*+
0x52,  //*+
0x52,  //*+
0x52,  //*+
0x52,  //*+
0x52,  //*+
0x52,  //*+
0x52,  //*+
0x52,  //*+
0x52,  //*+
0x52,  //*+
0x52,  //*+
0x52,  //*+
0x52,  //*+
0x52,  //*+
0x52,  //*+
0x52,  //*+
0x52,  //*+
0x52,  //*+


/* } */
0x3d,0x80,0x00,  //+@%+..
0x01,0x98,0x00,  //.+%%..
0x00,0x1b,0x00,  //..+@..
0x00,0x0c,0x00,  //...@..
0x00,0x0c,0x00,  //...@..
0x00,0x0c,0x00,  //...@..
0x00,0x0c,0x00,  //...@..
0x00,0x0c,0x00,  //...@..
0x00,0x0d,0x00,  //...@+.
0x00,0x08,0x91,  //...%%+
0x00,0x00,0x8d,  //...+%@
0x00,0x06,0x91,  //...*%+
0x00,0x0c,0x00,  //...@+.
0x00,0x0c,0x00,  //...@..
0x00,0x0c,0x00,  //...@..
0x00,0x0c,0x00,  //...@..
0x00,0x0c,0x00,  //...@..
0x00,0x0c,0x00,  //...@..
0x00,0x1b,0x00,  //..+@..
0x01,0xa8,0x00,  //.+%%..
0x3d,0x90,0x00,  //+@%+..


/* ~ */
0x00,0x7e,0xc3,0x00,0x00,0x00,  //..%@@+......
0x04,0x70,0x9e,0x20,0x00,0x00,  //.**+%@+.....
0x08,0x00,0x0a,0xd1,0x00,0x61,  //.%+.+%@+..*+
0x07,0x00,0x00,0xbc,0x13,0x80,  //+*...+@@++%.
0x00,0x00,0x00,0x1a,0xea,0x10,  //......+%@%+.


/*  */



/* 。 */
0x00,0x00,0x00,  //..++..
0x09,0xbb,0x70,  //+%%@%.
0x67,0x00,0x94,  //*%.+%*
0x92,0x00,0x46,  //%+..**
0x67,0x00,0x94,  //**..%*
0x09,0xbb,0x70,  //+%%@%.
0x00,0x00,0x00,  //..++..


/* 中 */
0x00,0x00,0x00,0x00,0x60,0x00,0x00,0x00,0x00,0x00,  //.......+*+.........
0x00,0x00,0x00,0x00,0xec,0x00,0x00,0x00,0x00,0x00,  //........@@+........
0x00,0x00,0x00,0x00,0xe7,0x00,0x00,0x00,0x00,0x00,  //........@*.........
0x00,0x00,0x00,0x00,0xe7,0x00,0x00,0x00,0x00,0x00,  //........@*.........
0x00,0x00,0x00,0x00,0xe7,0x00,0x00,0x00,0x10,0x00,  //........@*......++.
0x83,0x22,0x22,0x22,0xe8,0x22,0x22,0x22,0xba,0x10,  //%*++++++@%++++++%%+
0xbb,0x66,0x66,0x66,0xea,0x66,0x66,0x66,0xdb,0x00,  //@@******@%******@@+
0xb8,0x00,0x00,0x00,0xe7,0x00,0x00,0x00,0xb8,0x00,  //%%......@*......@%.
0xa8,0x00,0x00,0x00,0xe7,0x00,0x00,0x00,0xb8,0x00,  //%%......@*......@%.
0xa8,0x00,0x00,0x00,0xe7,0x00,0x00,0x00,0xb8,0x00,  //%%......@*......@%.
0xa8,0x00,0x00,0x00,0xe7,0x00,0x00,0x00,0xb8,0x00,  //%%......@*......@%.
0xa8,0x00,0x00,0x00,0xe7,0x00,0x00,0x00,0xb8,0x00,  //%%......@*......@%.
0xbb,0x66,0x66,0x66,0xea,0x66,0x66,0x66,0xd8,0x00,  //%@******@%******@%.
0xb9,0x22,0x22,0x22,0xe8,0x22,0x22,0x22,0xc8,0x00,  //@%++++++@%++++++@%.
0x93,0x00,0x00,0x00,0xe7,0x00,0x00,0x00,0x83,0x00,  //%*......@*......%*.
0x00,0x00,0x00,0x00,0xe7,0x00,0x00,0x00,0x00,0x00,  //........@*.........
0x00,0x00,0x00,0x00,0xe7,0x00,0x00,0x00,0x00,0x00,  //........@*.........
0x00,0x00,0x00,0x00,0xe7,0x00,0x00,0x00,0x00,0x00,  //........@*.........
0x00,0x00,0x00,0x00,0xe7,0x00,0x00,0x00,0x00,0x00,  //........@*.........
0x00,0x00,0x00,0x00,0xe7,0x00,0x00,0x00,0x00,0x00,  //........@*.........
0x00,0x00,0x00,0x00,0xe7,0x00,0x00,0x00,0x00,0x00,  //........@%.........
0x00,0x00,0x00,0x00,0xe5,0x00,0x00,0x00,0x00,0x00,  //.......+@*.........
0x00,0x00,0x00,0x00,0x10,0x00,0x00,0x00,0x00,0x00,  //.......++..........


/* 件 */
0x00,0x00,0x00,0x14,0x00,0x00,0x00,0x15,0x00,0x00,0x00,0x00,  //......+*......+*+......
0x00,0x00,0x00,0x7f,0x70,0x00,0x00,0x2f,0x90,0x00,0x00,0x00,  //......*@%.....+@%......
0x00,0x00,0x00,0xcd,0x10,0x11,0x00,0x2f,0x30,0x00,0x00,0x00,  //......@@+.++..+@+......
0x00,0x00,0x02,0xf6,0x00,0x7e,0x40,0x1f,0x30,0x00,0x00,0x00,  //.....+@*..*@*.+@+......
0x00,0x00,0x09,0xc0,0x00,0x9b,0x00,0x1f,0x30,0x00,0x00,0x00,  //.....%@+..%@+.+@+......
0x00,0x00,0x1e,0x40,0x00,0xd6,0x00,0x1f,0x30,0x00,0x20,0x00,  //....+@*...@*..+@+..++..
0x00,0x00,0x7e,0x20,0x01,0xf6,0x44,0x5f,0x64,0x4a,0xe3,0x00,  //....*@+..+@****@***%@+.
0x00,0x00,0xdf,0xa0,0x05,0xb3,0x33,0x4f,0x63,0x33,0x33,0x00,  //...+@@%..*@****@*****+.
0x00,0x07,0x9f,0x40,0x0a,0x30,0x00,0x1f,0x30,0x00,0x00,0x00,  //...*%@*..%*...+@+......
0x00,0x1c,0x1f,0x40,0x1b,0x00,0x00,0x1f,0x30,0x00,0x00,0x00,  //..+@+@*.+%....+@+......
0x00,0x93,0x0f,0x40,0x62,0x00,0x00,0x1f,0x30,0x00,0x00,0x00,  //..%++@*.*+....+@+......
0x04,0x60,0x0f,0x40,0x40,0x00,0x00,0x1f,0x30,0x00,0x02,0x00,  //.**.+@*.*.....+@+...++.
0x07,0x00,0x0f,0x40,0x44,0x44,0x44,0x5f,0x64,0x44,0x9e,0x30,  //+%..+@*+*******@****%@*
0x00,0x00,0x0f,0x40,0x55,0x43,0x33,0x4f,0x63,0x33,0x33,0x30,  //....+@*.*******@******+
0x00,0x00,0x0f,0x40,0x00,0x00,0x00,0x1f,0x30,0x00,0x00,0x00,  //....+@*.......+@+......
0x00,0x00,0x0f,0x40,0x00,0x00,0x00,0x1f,0x30,0x00,0x00,0x00,  //....+@*.......+@+......
0x00,0x00,0x0f,0x40,0x00,0x00,0x00,0x1f,0x30,0x00,0x00,0x00,  //....+@*.......+@+......
0x00,0x00,0x0f,0x40,0x00,0x00,0x00,0x2f,0x30,0x00,0x00,0x00,  //....+@*.......+@+......
0x00,0x00,0x0f,0x40,0x00,0x00,0x00,0x2f,0x30,0x00,0x00,0x00,  //....+@*.......+@+......
0x00,0x00,0x0f,0x40,0x00,0x00,0x00,0x2f,0x30,0x00,0x00,0x00,  //....+@*.......+@+......
0x00,0x00,0x1f,0x50,0x00,0x00,0x00,0x2f,0x30,0x00,0x00,0x00,  //....+@*.......+@*......
0x00,0x00,0x1e,0x30,0x00,0x00,0x00,0x2e,0x30,0x00,0x00,0x00,  //....+@*.......+@*......
0x00,0x00,0x01,0x00,0x00,0x00,0x00,0x12,0x00,0x00,0x00,0x00,  //....++........++.......


/* 候 */
0x00,0x00,0x13,0x00,0x00,0x00,0x00,0x00,0x00,0x00,0x00,  //....++................
0x00,0x00,0x5f,0x80,0x00,0x00,0x00,0x00,0x16,0x00,0x00,  //....*@%.........+*....
0x00,0x00,0x9e,0x10,0x00,0x6a,0x98,0x88,0xbf,0x50,0x00,  //....%@+...*%%%%%@@*...
0x00,0x00,0xd8,0x00,0x00,0x00,0x00,0x00,0x8a,0x00,0x00,  //...+@%..........%%....
0x00,0x03,0xe2,0x00,0x00,0x00,0x00,0x00,0xa8,0x00,0x00,  //...+@+++........%%....
0x00,0x08,0xa0,0x0e,0x60,0x00,0x00,0x00,0xc6,0x01,0x40,  //...%%.+@*.......@*.+*.
0x00,0x0d,0x40,0x0e,0x46,0xa9,0x88,0x88,0xc9,0x8b,0xc3,  //..+@*..@**%%%%%%@%%%@+
0x00,0x5f,0xb0,0x0e,0x20,0x08,0x70,0x00,0x00,0x00,0x00,  //..*@%+.@+++%%+........
0x00,0xce,0x60,0x0e,0x20,0x0c,0x80,0x00,0x00,0x00,0x00,  //.+@@*..@+..@%+........
0x04,0xab,0x60,0x0e,0x20,0x1e,0x10,0x00,0x02,0xa1,0x00,  //.*%@*..@+.+@++++++%+..
0x0b,0x1b,0x60,0x0e,0x20,0x6a,0x88,0xea,0x88,0x85,0x00,  //+@+@*..@+.*%%%@%%%%*..
0x62,0x0b,0x60,0x0e,0x20,0xa1,0x00,0xe5,0x00,0x00,0x00,  //*+.@*..@+.%+..@*......
0x20,0x0b,0x60,0x0e,0x23,0x30,0x00,0xf4,0x00,0x00,0x00,  //+..@*..@++*..+@*...++.
0x00,0x0b,0x60,0x0e,0x22,0x22,0x23,0xf5,0x22,0x2b,0x90,  //...@*..@++++++@*+++@%+
0x00,0x0b,0x60,0x0e,0x24,0x86,0x58,0xfa,0x55,0x55,0x51,  //...@*..@+*%**%@%*****+
0x00,0x0b,0x60,0x0e,0x30,0x00,0x07,0xc4,0x50,0x00,0x00,  //...@*..@+....*@**.....
0x00,0x0b,0x60,0x0e,0x30,0x00,0x0c,0x70,0xa0,0x00,0x00,  //...@*..@+....@*+%+....
0x00,0x0c,0x60,0x0e,0x30,0x00,0x5e,0x10,0x77,0x00,0x00,  //...@*..@*...*@+.%*....
0x00,0x0c,0x70,0x05,0x00,0x01,0xd5,0x00,0x1d,0x40,0x00,  //...@*.+*+..+@*..+@*...
0x00,0x0c,0x70,0x00,0x00,0x0b,0x70,0x00,0x04,0xe7,0x00,  //...@*.....+@*....*@*+.
0x00,0x0c,0x70,0x00,0x01,0xb5,0x00,0x00,0x00,0x7f,0xd7,  //...@%....+%*......*@@*
0x00,0x0c,0x70,0x00,0x68,0x10,0x00,0x00,0x00,0x05,0x81,  //...@*..+*%+........*%+
0x00,0x02,0x00,0x03,0x10,0x00,0x00,0x00,0x00,0x00,0x00,  //...+...++.............


/* 到 */
0x00,0x00,0x00,0x00,0x00,0x00,0x00,0x00,0x00,0x02,0x00,  //...................++.
0x00,0x00,0x00,0x00,0x00,0x08,0x10,0x00,0x00,0x0a,0xc0,  //..........+%+......%@+
0x06,0x98,0x88,0x88,0x88,0xae,0xc1,0x00,0x00,0x0a,0x80,  //.*%%%%%%%%%@@+.....%%.
0x00,0x10,0x00,0xba,0x10,0x00,0x00,0x11,0x00,0x09,0x80,  //.++..+@%+.....++...%%.
0x00,0x00,0x05,0xf8,0x10,0x00,0x00,0x3e,0x60,0x09,0x80,  //.....*@%+.....+@*..%%.
0x00,0x00,0x1d,0x60,0x14,0x00,0x00,0x3f,0x20,0x09,0x80,  //....+@*.+*....+@+..%%.
0x00,0x00,0xa5,0x00,0x08,0x80,0x00,0x2f,0x00,0x09,0x80,  //...+%*...%%+..+@+..%%.
0x00,0x08,0x50,0x00,0x00,0xbb,0x10,0x2f,0x00,0x09,0x80,  //..+%*....+%@+.+@+..%%.
0x03,0xcc,0x88,0x99,0x98,0x8e,0xb0,0x2f,0x00,0x09,0x80,  //.+@@%%%%%%%@@++@+..%%.
0x00,0xda,0x64,0x9a,0x10,0x09,0xe0,0x2f,0x00,0x09,0x80,  //.+@%**%%+..%@++@+..%%.
0x00,0x00,0x00,0x8c,0x00,0x02,0x70,0x2f,0x00,0x09,0x80,  //..+...%@+..+%.+@+..%%.
0x00,0x00,0x00,0x8a,0x00,0x00,0x00,0x2f,0x00,0x09,0x80,  //......%%......+@+..%%.
0x00,0x00,0x00,0x8a,0x00,0x04,0x00,0x2f,0x00,0x09,0x80,  //......%%..+*..+@+..%%.
0x05,0x77,0x77,0xbc,0x77,0xaf,0x70,0x2f,0x00,0x09,0x80,  //.*****@@**%@*.+@+..%%.
0x01,0x21,0x11,0x9b,0x11,0x11,0x10,0x2f,0x10,0x09,0x80,  //.+++++%%+++++.+@+..%%.
0x00,0x00,0x00,0x8a,0x00,0x00,0x00,0x3f,0x10,0x09,0x80,  //......%%......+@+..%%.
0x00,0x00,0x00,0x8a,0x00,0x00,0x00,0x3d,0x10,0x09,0x80,  //......%%......+@+..%%.
0x00,0x00,0x00,0x8a,0x00,0x02,0x40,0x00,0x00,0x09,0x80,  //......%%..++*+++...%%.
0x00,0x00,0x00,0x9c,0x8a,0x96,0x30,0x00,0x00,0x0a,0x80,  //.....+%@%%%*++.....%%.
0x15,0x8a,0xce,0xc8,0x30,0x00,0x00,0x01,0x00,0x0c,0x80,  //+*%%@@@%*+.....++.+@%.
0x0d,0xeb,0x61,0x00,0x00,0x00,0x00,0x03,0x9e,0xef,0x60,  //+@@@*+.........+%@@@*.
0x04,0x20,0x00,0x00,0x00,0x00,0x00,0x00,0x01,0xdb,0x00,  //.*+..............+@@+.
0x00,0x00,0x00,0x00,0x00,0x00,0x00,0x00,0x00,0x20,0x00,  //..................++..


/* 升 */
0x00,0x00,0x00,0x00,0x00,0x00,0x00,0x10,0x00,0x00,0x00,  //...........+..++......
0x00,0x00,0x00,0x00,0x01,0x8d,0x10,0x5d,0x50,0x00,0x00,  //.........+%@+.*@*.....
0x00,0x00,0x00,0x04,0x9e,0xec,0x60,0x5e,0x00,0x00,0x00,  //......+*%@@@*.*@+.....
0x00,0x03,0x6a,0xcf,0x83,0x00,0x00,0x5e,0x00,0x00,0x00,  //..++*%@@%++...*@......
0x03,0x64,0x20,0x0f,0x40,0x00,0x00,0x5e,0x00,0x00,0x00,  //.+**+++@*.....*@......
0x00,0x00,0x00,0x0f,0x40,0x00,0x00,0x5e,0x00,0x00,0x00,  //......+@*.....*@......
0x00,0x00,0x00,0x0f,0x40,0x00,0x00,0x5e,0x00,0x00,0x00,  //......+@*.....*@......
0x00,0x00,0x00,0x0f,0x40,0x00,0x00,0x5e,0x00,0x00,0x00,  //......+@*.....*@......
0x00,0x00,0x00,0x0f,0x40,0x00,0x00,0x5e,0x00,0x00,0x00,  //......+@*.....*@...+..
0x00,0x00,0x00,0x0f,0x40,0x00,0x00,0x5e,0x00,0x1c,0x80,  //......+@*.....*@..+@%.
0x5b,0x98,0x88,0x8f,0xa8,0x88,0x88,0xae,0x88,0x9a,0xa4,  //*%%%%%%@%%%%%%%@%%%%%*
0x00,0x00,0x00,0x1f,0x30,0x00,0x00,0x5e,0x00,0x00,0x00,  //......+@+.....*@......
0x00,0x00,0x00,0x3f,0x20,0x00,0x00,0x5e,0x00,0x00,0x00,  //......+@+.....*@......
0x00,0x00,0x00,0x5e,0x00,0x00,0x00,0x5e,0x00,0x00,0x00,  //......*@+.....*@......
0x00,0x00,0x00,0x8c,0x00,0x00,0x00,0x5e,0x00,0x00,0x00,  //......%@......*@......
0x00,0x00,0x00,0xc8,0x00,0x00,0x00,0x5e,0x00,0x00,0x00,  //......@%......*@......
0x00,0x00,0x02,0xe2,0x00,0x00,0x00,0x5e,0x00,0x00,0x00,  //.....+@+......*@......
0x00,0x00,0x0a,0x90,0x00,0x00,0x00,0x5e,0x00,0x00,0x00,  //.....%%.......*@......
0x00,0x00,0x6c,0x00,0x00,0x00,0x00,0x5e,0x00,0x00,0x00,  //....*@+.......*@......
0x00,0x05,0xb1,0x00,0x00,0x00,0x00,0x5e,0x00,0x00,0x00,  //...*@+........*@......
0x00,0x87,0x00,0x00,0x00,0x00,0x00,0x5f,0x00,0x00,0x00,  //.+%%+.........*@+.....
0x28,0x20,0x00,0x00,0x00,0x00,0x00,0x5d,0x00,0x00,0x00,  //+%+...........*@+.....
0x00,0x00,0x00,0x00,0x00,0x00,0x00,0x10,0x00,0x00,0x00,  //+.............++......


/* 否 */
0x00,0x00,0x00,0x00,0x00,0x00,0x00,0x00,0x00,0x00,0x00,  //...................+..
0x00,0x00,0x00,0x00,0x00,0x00,0x00,0x00,0x00,0x8c,0x10,  //..................%@+.
0x03,0xb9,0x88,0x88,0x88,0xbc,0x88,0x88,0x88,0xbb,0x80,  //.+@%%%%%%%@@%%%%%%@@%+
0x00,0x00,0x00,0x00,0x03,0xe7,0x00,0x00,0x00,0x00,0x00,  //.........*@%..........
0x00,0x00,0x00,0x00,0x1d,0xe8,0x00,0x00,0x00,0x00,0x00,  //........+@@%+.........
0x00,0x00,0x00,0x00,0xbb,0x9d,0x11,0x00,0x00,0x00,0x00,  //.......+@@%@++........
0x00,0x00,0x00,0x0b,0xc1,0x8b,0x06,0x94,0x00,0x00,0x00,  //......+@@+%@.*%*+.....
0x00,0x00,0x01,0xbb,0x10,0x8b,0x00,0x08,0xd7,0x10,0x00,  //.....+@@+.%@..+%@%+...
0x00,0x00,0x3d,0x90,0x00,0x8b,0x00,0x00,0x2c,0xe8,0x00,  //....+@%+..%@....+@@%+.
0x00,0x06,0xc4,0x00,0x00,0x9b,0x00,0x00,0x00,0x9f,0x90,  //..+*@*....%@.....+%@%.
0x03,0xa6,0x00,0x00,0x00,0x9c,0x00,0x00,0x00,0x08,0xe0,  //.+%*+.....%@.......%@.
0x15,0x00,0x00,0x00,0x00,0xa8,0x00,0x00,0x00,0x00,0x30,  //+*+.......%%........*.
0x00,0x00,0x06,0x00,0x00,0x00,0x00,0x00,0x48,0x00,0x00,  //....+*+...+.....*%+...
0x00,0x00,0x1f,0xb8,0x88,0x88,0x88,0x88,0xce,0x40,0x00,  //....+@%%%%%%%%%%@@*...
0x00,0x00,0x0f,0x60,0x00,0x00,0x00,0x00,0x8c,0x00,0x00,  //....+@*.........%@....
0x00,0x00,0x0f,0x60,0x00,0x00,0x00,0x00,0x8c,0x00,0x00,  //....+@*.........%@....
0x00,0x00,0x0f,0x60,0x00,0x00,0x00,0x00,0x8c,0x00,0x00,  //....+@*.........%@....
0x00,0x00,0x0f,0x60,0x00,0x00,0x00,0x00,0x8c,0x00,0x00,  //....+@*.........%@....
0x00,0x00,0x0f,0x60,0x00,0x00,0x00,0x00,0x8c,0x00,0x00,  //....+@*.........%@....
0x00,0x00,0x0f,0xb8,0x88,0x88,0x88,0x88,0xcd,0x00,0x00,  //....+@%%%%%%%%%%@@....
0x00,0x00,0x0f,0x60,0x00,0x00,0x00,0x00,0x8d,0x00,0x00,  //....+@*.........%@....
0x00,0x00,0x1e,0x40,0x00,0x00,0x00,0x00,0x78,0x00,0x00,  //....+@*.........%%....
0x00,0x00,0x01,0x00,0x00,0x00,0x00,0x00,0x00,0x00,0x00,  //....++..........+.....


/* 在 */
0x00,0x00,0x00,0x00,0x00,0x52,0x00,0x00,0x00,0x00,0x00,0x00,  //..........*+...........
0x00,0x00,0x00,0x00,0x00,0xde,0x20,0x00,0x00,0x00,0x00,0x00,  //..........@@+..........
0x00,0x00,0x00,0x00,0x02,0xf6,0x00,0x00,0x00,0x00,0x00,0x00,  //.........+@*...........
0x00,0x00,0x00,0x00,0x08,0xe0,0x00,0x00,0x00,0x03,0x70,0x00,  //.........%@+.......*%..
0x00,0x67,0x77,0x77,0x7d,0xc7,0x77,0x77,0x77,0x7e,0xf7,0x00,  //.+*******@@*******%@@%.
0x00,0x32,0x11,0x11,0x6e,0x21,0x11,0x11,0x11,0x11,0x11,0x00,  //..++++++*@+++++++++++++
0x00,0x00,0x00,0x00,0xd8,0x00,0x08,0xa2,0x00,0x00,0x00,0x00,  //.......+@%...%%+.......
0x00,0x00,0x00,0x07,0xd0,0x00,0x07,0xd0,0x00,0x00,0x00,0x00,  //.......*@+...%@+.......
0x00,0x00,0x00,0x2e,0x40,0x00,0x07,0xc0,0x00,0x00,0x00,0x00,  //......+@*....%@........
0x00,0x00,0x02,0xc9,0x00,0x00,0x07,0xc0,0x00,0x00,0x00,0x00,  //....++@%.....%@........
0x00,0x00,0x0f,0xb0,0x00,0x00,0x07,0xc0,0x00,0x0a,0x20,0x00,  //....+@@+.....%@...+%+..
0x00,0x00,0x6f,0x50,0x6a,0x98,0x8b,0xd8,0x88,0xac,0xb1,0x00,  //....*@*.*%%%%@@%%%%@%+.
0x00,0x05,0xbe,0x50,0x00,0x00,0x07,0xc0,0x00,0x00,0x00,0x00,  //...*@@*.++...%@........
0x00,0x59,0x0e,0x50,0x00,0x00,0x07,0xc0,0x00,0x00,0x00,0x00,  //..*%+@*......%@........
0x06,0x50,0x0e,0x50,0x00,0x00,0x07,0xc0,0x00,0x00,0x00,0x00,  //.**..@*......%@........
0x01,0x00,0x0e,0x50,0x00,0x00,0x07,0xc0,0x00,0x00,0x00,0x00,  //++...@*......%@........
0x00,0x00,0x0e,0x50,0x00,0x00,0x07,0xc0,0x00,0x00,0x00,0x00,  //.....@*......%@........
0x00,0x00,0x0e,0x50,0x00,0x00,0x07,0xc0,0x00,0x00,0x00,0x00,  //.....@*......%@........
0x00,0x00,0x0e,0x50,0x00,0x00,0x07,0xc0,0x00,0x00,0x94,0x00,  //.....@*......%@....+%*.
0x00,0x00,0x0e,0x58,0x98,0x88,0x8b,0xc8,0x88,0x8a,0xdd,0x30,  //.....@*%%%%%%%@%%%%%@@+
0x00,0x00,0x0e,0x51,0x00,0x00,0x00,0x00,0x00,0x00,0x00,0x00,  //.....@*++..............
0x00,0x00,0x0c,0x20,0x00,0x00,0x00,0x00,0x00,0x00,0x00,0x00,  //....+@+................
0x00,0x00,0x00,0x00,0x00,0x00,0x00,0x00,0x00,0x00,0x00,0x00,  //....++.................


/* 收 */
0x00,0x00,0x04,0x20,0x00,0x03,0x60,0x00,0x00,0x00,0x00,0x00,  //.....*+....**+.........
0x00,0x00,0x07,0xe4,0x00,0x08,0xf8,0x00,0x00,0x00,0x00,0x00,  //.....%@*...%@%+........
0x00,0x00,0x07,0xb0,0x00,0x0b,0xc0,0x00,0x00,0x00,0x00,0x00,  //.....*@....@@+.........
0x00,0x00,0x07,0xb0,0x00,0x0e,0x60,0x00,0x00,0x00,0x00,0x00,  //.....*@...+@*..........
0x03,0x00,0x07,0xb0,0x00,0x4e,0x10,0x00,0x00,0x00,0x00,0x00,  //.+...*@...*@+......++..
0x0d,0xb0,0x06,0xb0,0x00,0x9a,0x00,0x00,0x00,0x1c,0xa0,0x00,  //.@%+.*@...%%+++++++@%+.
0x0d,0x60,0x06,0xb0,0x00,0xdb,0x77,0x77,0x7d,0xb7,0x73,0x00,  //.@*..*@..+@%%%%%%@@%%+.
0x0d,0x50,0x06,0xb0,0x04,0xa7,0x00,0x00,0x0e,0x60,0x00,0x00,  //.@*..*@..*%*....+@*....
0x0c,0x50,0x06,0xb0,0x09,0x38,0x00,0x00,0x2f,0x30,0x00,0x00,  //.@*..*@..%+%....+@+....
0x0c,0x50,0x06,0xb0,0x1a,0x08,0x10,0x00,0x5e,0x00,0x00,0x00,  //.@*..*@.+%.%+...*@+....
0x0c,0x50,0x06,0xb0,0x72,0x04,0x60,0x00,0x8b,0x00,0x00,0x00,  //.@*..*@.*+.**...%@.....
0x0c,0x50,0x06,0xb0,0x60,0x01,0xb0,0x00,0xc7,0x00,0x00,0x00,  //.@*..*@+*..+%...@%.....
0x0c,0x50,0x06,0xb0,0x00,0x00,0xb2,0x01,0xe3,0x00,0x00,0x00,  //.@*..*@.+...@+.+@+.....
0x0c,0x50,0x19,0xb0,0x00,0x00,0x69,0x06,0xd0,0x00,0x00,0x00,  //.@*.+%@.....*%.*@......
0x0d,0x9b,0x98,0xb0,0x00,0x00,0x1e,0x2c,0x70,0x00,0x00,0x00,  //.@%%%%@.....+@+@%......
0x1e,0xe4,0x06,0xb0,0x00,0x00,0x08,0xde,0x10,0x00,0x00,0x00,  //+@@*.*@......%@@+......
0x06,0x20,0x06,0xb0,0x00,0x00,0x02,0xfb,0x00,0x00,0x00,0x00,  //.*+..*@......+@@.......
0x00,0x00,0x06,0xb0,0x00,0x00,0x0b,0xce,0x70,0x00,0x00,0x00,  //.....*@.....+@@@%......
0x00,0x00,0x06,0xb0,0x00,0x00,0xa9,0x06,0xf9,0x10,0x00,0x00,  //.....*@....+%%+*@%+....
0x00,0x00,0x07,0xb0,0x00,0x1b,0x60,0x00,0x6e,0xd6,0x00,0x00,  //.....*@...+@*+..*@@*+..
0x00,0x00,0x07,0xb0,0x04,0xa3,0x00,0x00,0x04,0xef,0xe8,0x00,  //.....%@..*%+.....*@@@%+
0x00,0x00,0x07,0xa1,0x75,0x00,0x00,0x00,0x00,0x1a,0x40,0x00,  //.....%%+**+.......+%*..
0x00,0x00,0x02,0x01,0x00,0x00,0x00,0x00,0x00,0x00,0x00,0x00,  //.....++++..............


/* 文 */
0x00,0x00,0x00,0x00,0x01,0x00,0x00,0x00,0x00,0x00,0x00,  //.........+............
0x00,0x00,0x00,0x00,0x05,0x90,0x00,0x00,0x00,0x00,0x00,  //.........*%+..........
0x00,0x00,0x00,0x00,0x00,0xca,0x00,0x00,0x00,0x00,0x00,  //.........+@%..........
0x00,0x00,0x00,0x00,0x00,0x7f,0x00,0x00,0x00,0x00,0x00,  //..........%@+.........
0x00,0x00,0x00,0x00,0x00,0x28,0x00,0x00,0x00,0x1b,0x30,  //..........+%......+@+.
0x07,0x88,0x88,0x88,0x88,0x88,0x88,0x88,0x88,0xcf,0xe3,  //+%%%%%%%%%%%%%%%%%@@@+
0x02,0x20,0x00,0x81,0x00,0x00,0x00,0xbb,0x00,0x00,0x00,  //.+++++%+++++++%@++++++
0x00,0x00,0x00,0x54,0x00,0x00,0x00,0xe7,0x00,0x00,0x00,  //......**.....+@%......
0x00,0x00,0x00,0x18,0x00,0x00,0x03,0xf4,0x00,0x00,0x00,  //......+%.....+@*......
0x00,0x00,0x00,0x0b,0x00,0x00,0x07,0xe0,0x00,0x00,0x00,  //.......@+....%@+......
0x00,0x00,0x00,0x07,0x50,0x00,0x0c,0x90,0x00,0x00,0x00,  //.......%*....@%.......
0x00,0x00,0x00,0x02,0xb0,0x00,0x3f,0x30,0x00,0x00,0x00,  //.......+@...+@*.......
0x00,0x00,0x00,0x00,0xb4,0x00,0x9c,0x00,0x00,0x00,0x00,  //........%*..%@........
0x00,0x00,0x00,0x00,0x4c,0x02,0xe5,0x00,0x00,0x00,0x00,  //........*@++@*........
0x00,0x00,0x00,0x00,0x0b,0x7b,0xb0,0x00,0x00,0x00,0x00,  //.........@*%@+........
0x00,0x00,0x00,0x00,0x02,0xee,0x20,0x00,0x00,0x00,0x00,  //.........+@@+.........
0x00,0x00,0x00,0x00,0x05,0xee,0x40,0x00,0x00,0x00,0x00,  //.........*@@*.........
0x00,0x00,0x00,0x00,0x6d,0x36,0xe8,0x00,0x00,0x00,0x00,  //........*@+*@%+.......
0x00,0x00,0x00,0x1a,0xb1,0x00,0x5e,0xd7,0x10,0x00,0x00,  //......+%@+..*@@*+.....
0x00,0x00,0x05,0xc5,0x00,0x00,0x01,0xaf,0xeb,0x74,0x20,  //....+*@*+....+%@@@**++
0x00,0x05,0xa6,0x00,0x00,0x00,0x00,0x02,0xae,0xff,0xa4,  //..+*%*+........+%@@@%*
0x36,0x73,0x00,0x00,0x00,0x00,0x00,0x00,0x01,0x67,0x00,  //+*%*+............+*%..
0x00,0x00,0x00,0x00,0x00,0x00,0x00,0x00,0x00,0x00,0x00,  //+.....................


/* 是 */
0x00,0x00,0x00,0x00,0x00,0x00,0x00,0x01,0x00,0x00,0x00,  //.....+.........++.....
0x00,0x00,0x06,0xa5,0x55,0x55,0x55,0x5c,0xa0,0x00,0x00,  //.....*%********@%+....
0x00,0x00,0x06,0xe2,0x22,0x22,0x22,0x2d,0x90,0x00,0x00,  //.....*@++++++++@%+....
0x00,0x00,0x05,0xe0,0x00,0x00,0x00,0x0d,0x60,0x00,0x00,  //.....*@........@*.....
0x00,0x00,0x05,0xe1,0x11,0x11,0x11,0x1d,0x60,0x00,0x00,  //.....*@++++++++@*.....
0x00,0x00,0x05,0xe7,0x77,0x77,0x77,0x7e,0x60,0x00,0x00,  //.....*@********@*.....
0x00,0x00,0x05,0xe0,0x00,0x00,0x00,0x0d,0x60,0x00,0x00,  //.....*@........@*.....
0x00,0x00,0x05,0xe0,0x00,0x00,0x00,0x0d,0x70,0x00,0x00,  //.....*@........@*.....
0x00,0x00,0x06,0xe8,0x88,0x88,0x88,0x8e,0x70,0x00,0x00,  //.....*@%%%%%%%%@*.....
0x00,0x00,0x06,0xc0,0x00,0x00,0x00,0x0a,0x30,0x00,0x00,  //.....*@........%+..+..
0x00,0x00,0x01,0x00,0x00,0x00,0x00,0x00,0x00,0x4c,0x10,  //.....++...........*@+.
0x1a,0x98,0x88,0x88,0x88,0x9a,0x88,0x88,0x88,0xcc,0xa0,  //+%%%%%%%%%%%%%%%%%@@%+
0x00,0x00,0x05,0x10,0x00,0x7c,0x00,0x00,0x00,0x00,0x00,  //.+...*+...*@..........
0x00,0x00,0x0c,0xe2,0x00,0x7c,0x00,0x00,0x00,0x00,0x00,  //.....@@+..*@.....++...
0x00,0x00,0x1e,0x90,0x00,0x7c,0x00,0x00,0x0a,0x90,0x00,  //....+@%...*@....+%%+..
0x00,0x00,0x5f,0x20,0x00,0x7e,0x88,0x88,0x88,0x83,0x00,  //....*@+...*@%%%%%%%*..
0x00,0x00,0xbb,0x80,0x00,0x7c,0x00,0x00,0x00,0x00,0x00,  //....@@%+..*@..........
0x00,0x03,0xe2,0x4a,0x10,0x7c,0x00,0x00,0x00,0x00,0x00,  //...+@+*%+.*@..........
0x00,0x0c,0x70,0x03,0xd6,0x7c,0x00,0x00,0x00,0x00,0x00,  //..+@*..*@*%@..........
0x00,0x7a,0x00,0x00,0x1a,0xed,0x63,0x21,0x00,0x01,0x22,  //..%%+...+%@@**++++++++
0x06,0x90,0x00,0x00,0x00,0x28,0xdf,0xff,0xff,0xff,0xb3,  //.*%+......+%@@@@@@@@@+
0x45,0x00,0x00,0x00,0x00,0x00,0x01,0x46,0x78,0x99,0x00,  //**...........+***%%%+.


/* 机 */
0x00,0x00,0x08,0x20,0x00,0x00,0x00,0x00,0x00,0x00,0x00,0x00,  //.....%+.................
0x00,0x00,0x0d,0xa0,0x00,0x00,0x00,0x00,0x00,0x00,0x00,0x00,  //.....@%+...+.....+......
0x00,0x00,0x0d,0x70,0x00,0x08,0x52,0x22,0x29,0x80,0x00,0x00,  //.....@*....%*++++%%+....
0x00,0x00,0x0d,0x70,0x00,0x09,0xc6,0x66,0x6d,0xc1,0x00,0x00,  //.....@*....%@****@@+....
0x00,0x00,0x0c,0x70,0x00,0x09,0xb0,0x00,0x0c,0x70,0x00,0x00,  //.....@*....%@....@*.....
0x00,0x00,0x0c,0x70,0x52,0x08,0xb0,0x00,0x0c,0x70,0x00,0x00,  //.....@*.*+.%@....@*.....
0x04,0x98,0x8e,0xb8,0xdb,0x18,0xb0,0x00,0x0c,0x70,0x00,0x00,  //.*%%%@@%@@+%@....@*.....
0x00,0x00,0x1f,0x70,0x00,0x08,0xb0,0x00,0x0c,0x70,0x00,0x00,  //..+.+@*....%@....@*.....
0x00,0x00,0x5f,0x70,0x00,0x08,0xb0,0x00,0x0c,0x70,0x00,0x00,  //....*@*....%@....@*.....
0x00,0x00,0x9f,0xa2,0x00,0x08,0xb0,0x00,0x0c,0x70,0x00,0x00,  //....%@%+...%@....@*.....
0x00,0x00,0xdf,0x8b,0xb3,0x08,0xb0,0x00,0x0c,0x70,0x00,0x00,  //...+@@%@%+.%@....@*.....
0x00,0x03,0xed,0x70,0xce,0x18,0xb0,0x00,0x0c,0x70,0x00,0x00,  //...+@@*+@@+%%....@*.....
0x00,0x08,0x8c,0x70,0x1d,0x19,0xa0,0x00,0x0c,0x70,0x00,0x00,  //...%%@*.+@+%%....@*.....
0x00,0x0d,0x1c,0x70,0x00,0x0a,0x90,0x00,0x0c,0x70,0x00,0x00,  //..+@+@*..+.%%....@*.....
0x00,0x68,0x0c,0x70,0x00,0x0c,0x70,0x00,0x0c,0x70,0x00,0x00,  //..*%.@*....@*....@*.....
0x00,0xb0,0x0c,0x70,0x00,0x0e,0x30,0x00,0x0c,0x70,0x00,0x00,  //.+@+.@*...+@+....@*..+..
0x06,0x40,0x0d,0x70,0x00,0x4d,0x00,0x00,0x0c,0x70,0x07,0x00,  //.**..@*...*@+....@*..%..
0x06,0x00,0x0d,0x70,0x00,0xa7,0x00,0x00,0x0c,0x70,0x08,0x00,  //+*...@*...%%.....@*..%..
0x00,0x00,0x0d,0x70,0x02,0xd0,0x00,0x00,0x0c,0x70,0x0a,0x10,  //.....@*..+@+.....@*..%+.
0x00,0x00,0x0d,0x70,0x0b,0x40,0x00,0x00,0x0c,0x90,0x0d,0xa0,  //.....@%.+%*......@%++@%+
0x00,0x00,0x0d,0x70,0x76,0x00,0x00,0x00,0x08,0xff,0xfe,0x70,  //.....@%.**.......%@@@@*.
0x00,0x00,0x0d,0x75,0x50,0x00,0x00,0x00,0x00,0x11,0x10,0x00,  //.....@%**.........++++..
0x00,0x00,0x04,0x00,0x00,0x00,0x00,0x00,0x00,0x00,0x00,0x00,  //.....*++................


/* 检 */
0x00,0x00,0x25,0x00,0x00,0x00,0x01,0x70,0x00,0x00,0x00,0x00,  //....+*+......+*+.......
0x00,0x00,0x2f,0x90,0x00,0x00,0x06,0xf9,0x00,0x00,0x00,0x00,  //....+@%......*@%.......
0x00,0x00,0x2f,0x20,0x00,0x00,0x0a,0xc7,0x00,0x00,0x00,0x00,  //....+@+......%@*.......
0x00,0x00,0x2f,0x20,0x00,0x00,0x1e,0x56,0x40,0x00,0x00,0x00,  //....+@+.....+@***......
0x00,0x00,0x2f,0x20,0x00,0x00,0x8c,0x00,0xc2,0x00,0x00,0x00,  //....+@+.....%@++@+.....
0x00,0x00,0x2f,0x20,0x92,0x02,0xe3,0x00,0x4d,0x20,0x00,0x00,  //....+@++%+.+@+..*@+....
0x07,0x88,0x9f,0x99,0xa8,0x0b,0x70,0x00,0x09,0xe6,0x00,0x00,  //.%%%%@%%%%+@*....%@*+..
0x00,0x00,0x6f,0x20,0x00,0x88,0x00,0x00,0x00,0x8f,0xd8,0x40,  //....*@+...%%.....+%@@%*
0x00,0x00,0x9f,0x30,0x07,0x70,0x00,0x00,0x00,0x25,0xdb,0x30,  //....%@+..%%......++*@%*
0x00,0x00,0xdf,0xc6,0x54,0x47,0x77,0x77,0x7c,0xd2,0x00,0x00,  //....@@@****%%%%%%@@+++.
0x00,0x02,0xff,0x4d,0xa0,0x03,0x10,0x00,0x00,0x10,0x00,0x00,  //...+@@*@%.++++++++++...
0x00,0x07,0xcf,0x26,0xf1,0x00,0x06,0x00,0x00,0x78,0x10,0x00,  //...%@@+*@+...*+...%%+..
0x00,0x0d,0x4f,0x20,0x70,0x00,0x05,0x60,0x00,0xac,0x10,0x00,  //..+@*@++%++..**...%@+..
0x00,0x59,0x2f,0x20,0x00,0x80,0x00,0xe1,0x00,0xc7,0x00,0x00,  //..*%+@+...%..+@+..@%...
0x00,0xa1,0x2f,0x20,0x00,0x94,0x00,0xb8,0x00,0xe3,0x00,0x00,  //.+%++@+...%*..@%.+@+...
0x06,0x30,0x2f,0x20,0x00,0x5c,0x00,0x8d,0x04,0xd0,0x00,0x00,  //.**.+@+...*@+.%@.*@+...
0x04,0x00,0x2f,0x20,0x00,0x1f,0x40,0x6d,0x07,0x80,0x00,0x00,  //+*..+@+...+@*.*@.%%....
0x00,0x00,0x2f,0x20,0x00,0x0e,0x60,0x23,0x0b,0x30,0x00,0x00,  //....+@+...+@*.+*.@+....
0x00,0x00,0x2f,0x30,0x00,0x0a,0x20,0x00,0x1c,0x00,0x00,0x00,  //....+@+....%+...+@.....
0x00,0x00,0x2f,0x30,0x00,0x00,0x00,0x00,0x55,0x00,0x44,0x00,  //....+@+.........**..**.
0x00,0x00,0x2f,0x30,0x78,0x88,0x88,0x88,0xc8,0x88,0xee,0x40,  //....+@++%%%%%%%%@%%%@@*
0x00,0x00,0x3f,0x30,0x22,0x00,0x00,0x00,0x00,0x00,0x00,0x00,  //....+@+.+++++++++++++++
0x00,0x00,0x12,0x00,0x00,0x00,0x00,0x00,0x00,0x00,0x00,0x00,  //....++.................


/* 正 */
0x00,0x00,0x00,0x00,0x00,0x00,0x00,0x00,0x00,0x18,0x00,  //..................+%+.
0x00,0x36,0x66,0x66,0x66,0x66,0x66,0x66,0x66,0xcf,0xb0,  //..****************@@%+
0x00,0x14,0x21,0x11,0x11,0x1f,0x61,0x11,0x11,0x11,0x10,  //..+*+++++++@*+++++++++
0x00,0x00,0x00,0x00,0x00,0x0f,0x40,0x00,0x00,0x00,0x00,  //...........@*.........
0x00,0x00,0x00,0x00,0x00,0x0f,0x40,0x00,0x00,0x00,0x00,  //...........@*.........
0x00,0x00,0x00,0x00,0x00,0x0f,0x40,0x00,0x00,0x00,0x00,  //...........@*.........
0x00,0x00,0x02,0x00,0x00,0x0f,0x40,0x00,0x00,0x00,0x00,  //....++.....@*.........
0x00,0x00,0x0f,0xa0,0x00,0x0f,0x40,0x00,0x00,0x00,0x00,  //....+@%+...@*.........
0x00,0x00,0x0f,0x50,0x00,0x0f,0x40,0x00,0x02,0x60,0x00,  //....+@*....@*....+*...
0x00,0x00,0x0f,0x40,0x00,0x0f,0x97,0x77,0x7d,0xf7,0x00,  //.....@*....@%****@@%..
0x00,0x00,0x0f,0x40,0x00,0x0f,0x51,0x11,0x11,0x11,0x00,  //.....@*....@*++++++++.
0x00,0x00,0x0f,0x40,0x00,0x0f,0x40,0x00,0x00,0x00,0x00,  //.....@*....@*.........
0x00,0x00,0x0f,0x40,0x00,0x0f,0x40,0x00,0x00,0x00,0x00,  //.....@*....@*.........
0x00,0x00,0x0f,0x40,0x00,0x0f,0x40,0x00,0x00,0x00,0x00,  //.....@*....@*.........
0x00,0x00,0x0f,0x40,0x00,0x0f,0x40,0x00,0x00,0x00,0x00,  //.....@*....@*.........
0x00,0x00,0x0f,0x40,0x00,0x0f,0x40,0x00,0x00,0x00,0x00,  //.....@*....@*.........
0x00,0x00,0x0f,0x40,0x00,0x0f,0x40,0x00,0x00,0x00,0x00,  //.....@*....@*.........
0x00,0x00,0x0f,0x40,0x00,0x0f,0x40,0x00,0x00,0x05,0x00,  //.....@*....@*......*+.
0x01,0x11,0x1f,0x51,0x11,0x1f,0x51,0x11,0x11,0x8f,0x90,  //+++++@*++++@*+++++%@%+
0x1a,0x87,0x77,0x77,0x77,0x77,0x77,0x77,0x77,0x77,0x72,  //+%%******************+


/* 测 */
0x00,0x00,0x00,0x00,0x00,0x00,0x00,0x00,0x00,0x00,0x00,  //.++................+..
0x00,0xa3,0x00,0x41,0x00,0x00,0x14,0x00,0x00,0x0c,0x70,  //.+%+..*+....+*.....@%.
0x00,0x3e,0x50,0x8d,0x88,0x88,0xbe,0x10,0x00,0x0d,0x60,  //..+@*.%@%%%%@@+....@*.
0x00,0x0a,0xc0,0x8a,0x00,0x00,0x79,0x00,0x00,0x0c,0x50,  //...%@.%%....%%.+...@*.
0x00,0x03,0x60,0x7a,0x00,0x00,0x79,0x02,0xb3,0x0c,0x50,  //...+*.%%....%%.+@*.@*.
0x00,0x00,0x00,0x7a,0x06,0x40,0x79,0x02,0xf4,0x0c,0x50,  //+.....%%.**+%%.+@*.@*.
0x76,0x00,0x01,0x7a,0x08,0xd1,0x79,0x02,0xf1,0x0c,0x50,  //**...+%%.%@+%%.+@+.@*.
0x0d,0x80,0x06,0x7a,0x08,0xa0,0x79,0x01,0xf1,0x0c,0x50,  //+@%..*%%.%%.%%.+@+.@*.
0x07,0xf1,0x07,0x7a,0x08,0xa0,0x79,0x01,0xf1,0x0c,0x50,  //.*@++*%%.%%.%%.+@+.@*.
0x01,0xb0,0x34,0x7a,0x08,0xa0,0x79,0x01,0xf1,0x0c,0x50,  //.+%+**%%.%%.%%.+@+.@*.
0x00,0x00,0x81,0x7a,0x08,0x90,0x79,0x01,0xf1,0x0c,0x50,  //....%+%%.%%.%%.+@+.@*.
0x00,0x00,0xa0,0x7a,0x08,0x80,0x79,0x01,0xf1,0x0c,0x50,  //...+%.%%.%%.%%.+@+.@*.
0x00,0x03,0x80,0x7a,0x0a,0x70,0x79,0x01,0xf1,0x0c,0x50,  //...+%.%%.%%.%%.+@+.@*.
0x00,0x08,0x40,0x7a,0x0b,0x50,0x7a,0x01,0xf1,0x0c,0x50,  //...%*.%%.@*.%%.+@+.@*.
0x00,0x2e,0x10,0x8a,0x0d,0x30,0x7a,0x02,0xf1,0x0c,0x50,  //+.+@+.%%.@+.%%.+@+.@*.
0x6c,0xec,0x00,0x89,0x2e,0x00,0x21,0x02,0xf2,0x0c,0x50,  //*@@@..%%+@+.++.+@+.@*.
0x00,0xc9,0x00,0x10,0x7b,0x30,0x00,0x02,0xa1,0x0c,0x50,  //.+@%..+.*%++...+%+.@*.
0x00,0xb8,0x00,0x00,0xc4,0x0a,0x20,0x00,0x00,0x0c,0x50,  //..@%...+@*+%+......@*.
0x00,0xe8,0x00,0x06,0xa0,0x03,0xe4,0x00,0x00,0x0c,0x50,  //.+@%...*%+.+@*.....@*.
0x02,0xf8,0x00,0x4c,0x10,0x00,0x9e,0x00,0x10,0x0d,0x50,  //.+@%..*@+...%@+++..@*.
0x00,0xc9,0x04,0xa0,0x00,0x00,0x3e,0x11,0x7d,0xdf,0x40,  //.+@%.*%+....+@++%@@@*.
0x00,0x00,0x76,0x00,0x00,0x00,0x02,0x00,0x02,0xda,0x00,  //..++**+......+...+@%+.
0x00,0x00,0x10,0x00,0x00,0x00,0x00,0x00,0x00,0x10,0x00,  //....+.............+...


/* 稍 */
0x00,0x00,0x00,0x01,0x00,0x00,0x00,0x45,0x00,0x00,0x00,  //.......++.....**+....
0x00,0x00,0x01,0x6d,0x90,0x00,0x00,0x6e,0x30,0x00,0x00,  //.....+*@%.....*@+..+.
0x00,0x36,0xae,0xb8,0x60,0x45,0x00,0x6d,0x00,0x3d,0x30,  //.++*%@@%*+**..*@..+@+
0x16,0x42,0x3f,0x00,0x00,0x0c,0x70,0x5d,0x00,0x9c,0x20,  //+**+*@+...+@%.*@..%@+
0x00,0x00,0x2f,0x00,0x00,0x05,0xf3,0x5d,0x01,0xd2,0x00,  //....+@+....*@+*@.+@+.
0x00,0x00,0x2f,0x00,0x00,0x01,0xe3,0x5d,0x09,0x40,0x00,  //....+@+....+@+*@.%*..
0x00,0x00,0x2f,0x00,0x81,0x10,0x40,0x5d,0x15,0x02,0x00,  //....+@++%+++*.*@+*.+.
0x3b,0x98,0xaf,0x89,0xc9,0x5c,0x88,0xae,0x88,0x8e,0x70,  //+%%%%@%%@%*@%%%@%%%@*
0x00,0x00,0xaf,0x00,0x00,0x4e,0x00,0x00,0x00,0x1f,0x30,  //.+..%@+...*@......+@+
0x00,0x00,0xef,0x60,0x00,0x4e,0x00,0x00,0x00,0x1f,0x20,  //...+@@*+..*@......+@+
0x00,0x04,0xff,0x6d,0x50,0x4e,0x00,0x00,0x00,0x1f,0x20,  //...*@@*@*.*@......+@+
0x00,0x0b,0xbf,0x09,0xe2,0x4e,0x88,0x88,0x88,0x9f,0x20,  //...%%@+%@+*@%%%%%%%@+
0x00,0x2e,0x4f,0x01,0xe1,0x4e,0x00,0x00,0x00,0x1f,0x20,  //..+@*@++@+*@......+@+
0x00,0x96,0x2f,0x00,0x10,0x4e,0x00,0x00,0x00,0x1f,0x20,  //..%*+@+.+.*@......+@+
0x02,0xb0,0x2f,0x00,0x00,0x4e,0x22,0x22,0x22,0x3f,0x20,  //.+@++@+...*@++++++*@+
0x0a,0x20,0x2f,0x00,0x00,0x4e,0x66,0x66,0x66,0x7f,0x20,  //+%+.+@+...*@*******@+
0x54,0x00,0x3f,0x00,0x00,0x4e,0x00,0x00,0x00,0x1f,0x20,  //**..+@+...*@......+@+
0x30,0x00,0x3f,0x00,0x00,0x4e,0x00,0x00,0x00,0x1f,0x20,  //*...+@+...*@......+@+
0x00,0x00,0x3f,0x00,0x00,0x4e,0x00,0x00,0x00,0x1f,0x20,  //....+@+...*@......+@+
0x00,0x00,0x3f,0x10,0x00,0x4e,0x00,0x00,0x00,0x2f,0x20,  //....+@+...*@......+@+
0x00,0x00,0x3f,0x10,0x00,0x5e,0x00,0x02,0x8c,0xde,0x10,  //....+@+...*@...+%@@@+
0x00,0x00,0x3e,0x10,0x00,0x5d,0x00,0x00,0x02,0xe7,0x00,  //....*@+...*@.....+@*.
0x00,0x00,0x10,0x00,0x00,0x10,0x00,0x00,0x00,0x10,0x00,  //....++....++......+..


/* 级 */
0x00,0x00,0x00,0x00,0x00,0x00,0x00,0x00,0x00,0x00,0x00,  //....++................
0x00,0x00,0x4d,0x50,0x00,0x00,0x00,0x00,0x00,0x00,0x00,  //....*@*...........+...
0x00,0x00,0xad,0x10,0x13,0x33,0x33,0x33,0x37,0xc1,0x00,  //....%@+.+********%@+..
0x00,0x01,0xe4,0x00,0x17,0x5a,0xb4,0x44,0x4c,0xd4,0x00,  //...+@*..+%*%@****@@*..
0x00,0x08,0xa0,0x00,0x00,0x08,0x90,0x00,0x2e,0x40,0x00,  //...%%......%%...+@*...
0x00,0x1d,0x10,0x04,0x70,0x09,0x90,0x00,0x8c,0x00,0x00,  //..+@+..*%+.%%...%@....
0x00,0xa4,0x00,0x0b,0xd4,0x09,0x80,0x00,0xe4,0x00,0x00,  //..%*...@@*.%%..+@*....
0x06,0x80,0x00,0x5e,0x30,0x0a,0x80,0x07,0xc0,0x00,0x00,  //.*%...*@+..%%..%@+....
0x5e,0x88,0x88,0xd6,0x00,0x0b,0x70,0x4e,0x60,0x3a,0x00,  //*@%%%%@*...@%.*@*++%+.
0x1d,0x84,0x19,0x90,0x00,0x0d,0xa0,0x4c,0x77,0xbe,0x40,  //+@%*+%%....@%.*@%%@@*.
0x00,0x00,0x5c,0x00,0x00,0x0e,0xb0,0x00,0x00,0xb9,0x00,  //.+..*@+....@%+.+..@%..
0x00,0x02,0xc1,0x00,0x00,0x1f,0x65,0x00,0x01,0xe4,0x00,  //...+@+....+@**...+@*..
0x00,0x1c,0x20,0x00,0x00,0x4e,0x1a,0x00,0x06,0xd0,0x00,  //..+@+.....*@+%...*@+..
0x01,0xb4,0x01,0x46,0x50,0x7b,0x0a,0x20,0x0c,0x80,0x00,  //.+@*.+***.*@.%+..@%...
0x2d,0xdb,0xda,0x62,0x00,0xb7,0x05,0xa0,0x4e,0x10,0x00,  //+@@@@%*+..@*.*%.*@+...
0x0b,0xb5,0x00,0x00,0x01,0xe2,0x00,0xd5,0xc9,0x00,0x00,  //+@@*+....+@+.+@*@%....
0x00,0x00,0x00,0x00,0x17,0xa0,0x00,0x5e,0xe1,0x00,0x00,  //.+.....++*%...*@@+....
0x00,0x00,0x04,0x87,0x3d,0x20,0x00,0x4f,0xd1,0x00,0x00,  //....+*%%+@+...*@@+....
0x02,0x6a,0xd7,0x10,0xa5,0x00,0x04,0xe6,0xcc,0x20,0x00,  //++*%@*++%*...*@*@@+...
0x6f,0xd6,0x00,0x09,0x60,0x00,0x7c,0x30,0x1c,0xe7,0x00,  //*@@*+.+%*..+%@+.+@@*+.
0x08,0x10,0x00,0x84,0x00,0x3b,0x80,0x00,0x01,0xbf,0xb2,  //+%+..+%*..+@%+...+%@@+
0x00,0x00,0x07,0x10,0x27,0x71,0x00,0x00,0x00,0x05,0x00,  //....+*+.+%*+......+*+.
0x00,0x00,0x00,0x00,0x00,0x00,0x00,0x00,0x00,0x00,0x00,  //........+.............


/* 请 */
0x00,0x00,0x00,0x00,0x00,0x00,0x00,0x61,0x00,0x00,0x00,0x00,  //..............*+.......
0x00,0x07,0x30,0x00,0x00,0x00,0x00,0xbc,0x00,0x00,0x00,0x00,  //...*+.........@@+......
0x00,0x02,0xe4,0x00,0x00,0x00,0x00,0xb8,0x00,0x00,0x61,0x00,  //...+@*........@%....*+.
0x00,0x00,0xcd,0x00,0x57,0x77,0x77,0xdb,0x77,0x79,0xfb,0x00,  //....@@..*%%%%%@@%%%%@@+
0x00,0x00,0x8c,0x00,0x13,0x10,0x00,0xb8,0x00,0x01,0x00,0x00,  //....%@..++++++@%+++++++
0x00,0x00,0x21,0x00,0x00,0x00,0x00,0xb8,0x00,0x3c,0x10,0x00,  //....++........@%..+@+..
0x00,0x00,0x00,0x00,0x02,0xb9,0x88,0xdc,0x88,0x88,0x60,0x00,  //.........+%%%%@@%%%%*..
0x00,0x00,0x21,0x00,0x00,0x00,0x00,0xb8,0x00,0x00,0x01,0x00,  //....++........@%.....+.
0x07,0x88,0xcd,0x20,0x00,0x00,0x00,0xb8,0x00,0x00,0x8d,0x10,  //+*%%@@++++++++@%++++%@+
0x02,0x10,0xaa,0x02,0xa8,0x77,0x77,0x77,0x77,0x77,0x77,0x40,  //.+++%%++%%%%%%%%%%%%%%*
0x00,0x00,0xa9,0x00,0x00,0x10,0x00,0x00,0x00,0x02,0x00,0x00,  //....%%....+.......++...
0x00,0x00,0xa9,0x00,0x00,0xb9,0x88,0x88,0x88,0xbe,0x30,0x00,  //....%%....@%%%%%%%%@+..
0x00,0x00,0xa9,0x00,0x00,0xb8,0x00,0x00,0x00,0x5d,0x00,0x00,  //....%%....%%......*@+..
0x00,0x00,0xa9,0x00,0x00,0xa9,0x22,0x22,0x22,0x7d,0x00,0x00,  //....%%....%%++++++*@...
0x00,0x00,0xa9,0x00,0x00,0xaa,0x55,0x55,0x55,0x8d,0x00,0x00,  //....%%..++%%******%@...
0x00,0x00,0xa9,0x01,0x90,0xa8,0x00,0x00,0x00,0x5d,0x00,0x00,  //....%%.+%+%%......*@...
0x00,0x00,0xa9,0x2b,0x10,0xab,0x77,0x77,0x77,0x9d,0x00,0x00,  //....%%+@+.%@******%@...
0x00,0x00,0xab,0xd3,0x00,0xa8,0x11,0x11,0x11,0x6d,0x00,0x00,  //....%@@*..%%++++++*@...
0x00,0x00,0xcf,0x80,0x00,0xa8,0x00,0x00,0x00,0x5d,0x00,0x00,  //....@@%...%%......*@...
0x00,0x00,0xac,0x00,0x00,0xa8,0x00,0x00,0x00,0x5d,0x00,0x00,  //...+%@+...%%......*@...
0x00,0x00,0x03,0x00,0x00,0xb8,0x00,0x04,0xab,0xdb,0x00,0x00,  //....++....%%...*%@@@...
0x00,0x00,0x00,0x00,0x00,0xb6,0x00,0x00,0x08,0xd3,0x00,0x00,  //..........@*....+%@+...
0x00,0x00,0x00,0x00,0x00,0x10,0x00,0x00,0x00,0x00,0x00,0x00,  //..........+......++....


/* 音 */
0x00,0x00,0x00,0x00,0x06,0x20,0x00,0x00,0x00,0x00,0x00,  //.........*+...........
0x00,0x00,0x00,0x00,0x04,0xe6,0x00,0x00,0x00,0x00,0x00,  //.........*@*..........
0x00,0x00,0x00,0x00,0x00,0xae,0x00,0x00,0x04,0x10,0x00,  //..........%@.....*+...
0x00,0x14,0x44,0x44,0x44,0x8b,0x44,0x44,0x6e,0xc1,0x00,  //..+*******%@*****@@+..
0x00,0x06,0x43,0x63,0x33,0x33,0x33,0x94,0x33,0x31,0x00,  //..+***********%****+..
0x00,0x00,0x00,0x3b,0x00,0x00,0x00,0xed,0x10,0x00,0x00,  //......*%+....+@@+.....
0x00,0x00,0x00,0x0b,0xb0,0x00,0x03,0xe4,0x00,0x00,0x00,  //.......@@+...+@*......
0x00,0x00,0x00,0x06,0xf3,0x00,0x09,0x70,0x00,0x00,0x00,  //.......*@*...%*.......
0x00,0x00,0x00,0x02,0xd0,0x00,0x0b,0x00,0x00,0x0a,0x30,  //.......+@+..+@+...+%+.
0x47,0x77,0x77,0x77,0x77,0x77,0x9a,0x77,0x77,0xcf,0xe3,  //*%%%%%%%%%%%%%%%%%@@@+
0x13,0x10,0x00,0x00,0x00,0x00,0x00,0x00,0x00,0x00,0x00,  //++++++++++++++++++++++
0x00,0x00,0x03,0x00,0x00,0x00,0x00,0x00,0x60,0x00,0x00,  //.....+.........+*+....
0x00,0x00,0x0d,0xa8,0x88,0x88,0x88,0x89,0xf9,0x00,0x00,  //.....@%%%%%%%%%%@%....
0x00,0x00,0x0c,0x70,0x00,0x00,0x00,0x01,0xf3,0x00,0x00,  //.....@%........+@+....
0x00,0x00,0x0c,0x70,0x00,0x00,0x00,0x01,0xf2,0x00,0x00,  //.....@%........+@+....
0x00,0x00,0x0c,0x70,0x00,0x00,0x00,0x02,0xf2,0x00,0x00,  //.....@%+++++++++@+....
0x00,0x00,0x0c,0xb8,0x88,0x88,0x88,0x88,0xf2,0x00,0x00,  //.....@@%%%%%%%%%@+....
0x00,0x00,0x0c,0x70,0x00,0x00,0x00,0x01,0xf2,0x00,0x00,  //.....@%........+@+....
0x00,0x00,0x0c,0x70,0x00,0x00,0x00,0x01,0xf2,0x00,0x00,  //.....@%........+@+....
0x00,0x00,0x0c,0xa5,0x55,0x55,0x55,0x56,0xf3,0x00,0x00,  //.....@%*********@+....
0x00,0x00,0x0d,0x82,0x22,0x22,0x22,0x24,0xf3,0x00,0x00,  //.....@%++++++++*@+....
0x00,0x00,0x0c,0x40,0x00,0x00,0x00,0x01,0xc2,0x00,0x00,  //.....@*........+@+....
0x00,0x00,0x00,0x00,0x00,0x00,0x00,0x00,0x00,0x00,0x00,  //.....+.........+......


/* ， */
0x00,0x55,0x00,  //.+**+
0x07,0xff,0x70,  //.%@@*
0x07,0xff,0x90,  //.%@@%
0x00,0x7e,0x60,  //.+*@*
0x00,0x3d,0x00,  //..+@+
0x00,0xb3,0x00,  //.+@+.
0x07,0x30,0x00,  //.%+..


/* ？ */
0x00,0x01,0x31,0x00,0x00,  //...+++...
0x01,0x97,0x5b,0xa1,0x00,  //.+%%*@%+.
0x0b,0x10,0x00,0xcc,0x00,  //+@+..+@@+
0x6b,0x00,0x00,0x6f,0x40,  //*%+...*@*
0x8f,0x40,0x00,0x5f,0x40,  //%@*...*@*
0x17,0x00,0x00,0xbe,0x10,  //+*+...%@+
0x00,0x00,0x06,0xf5,0x00,  //.....*@*.
0x00,0x00,0x2e,0x70,0x00,  //....+@*..
0x00,0x00,0xb9,0x00,0x00,  //....@%...
0x00,0x02,0xe1,0x00,0x00,  //...+@+...
0x00,0x03,0xa0,0x00,0x00,  //...+%....
0x00,0x01,0x70,0x00,0x00,  //...+*....
0x00,0x00,0x00,0x00,0x00,  //....+....
0x00,0x05,0x81,0x00,0x00,  //...*%+...
0x00,0x4f,0xfb,0x00,0x00,  //..*@@%...
0x00,0x3f,0xfa,0x00,0x00,  //..+@@%...
0x00,0x05,0x71,0x00,0x00,  //...**+...


};


static const lv_font_fmt_txt_glyph_dsc_t glyph_dsc[] = {
    {.bitmap_index = 0,	.adv_w = 24, .box_h = 0, .box_w = 24, .ofs_x = 0, .ofs_y = 7},/*(
)*/
    {.bitmap_index = 0,	.adv_w = 12, .box_h = 0, .box_w = 12, .ofs_x = 0, .ofs_y = 7},/*( )*/
    {.bitmap_index = 0,	.adv_w = 8, .box_h = 17, .box_w = 4, .ofs_x = 4, .ofs_y = 7},/*(!)*/
    {.bitmap_index = 34,	.adv_w = 11, .box_h = 7, .box_w = 10, .ofs_x = 1, .ofs_y = 19},/*(")*/
    {.bitmap_index = 69,	.adv_w = 12, .box_h = 16, .box_w = 12, .ofs_x = 0, .ofs_y = 7},/*(#)*/
    {.bitmap_index = 165,	.adv_w = 11, .box_h = 20, .box_w = 10, .ofs_x = 1, .ofs_y = 5},/*($)*/
    {.bitmap_index = 265,	.adv_w = 12, .box_h = 16, .box_w = 12, .ofs_x = 0, .ofs_y = 7},/*(%)*/
    {.bitmap_index = 361,	.adv_w = 12, .box_h = 16, .box_w = 12, .ofs_x = 0, .ofs_y = 7},/*(&)*/
    {.bitmap_index = 457,	.adv_w = 5, .box_h = 6, .box_w = 4, .ofs_x = 1, .ofs_y = 20},/*(')*/
    {.bitmap_index = 469,	.adv_w = 11, .box_h = 21, .box_w = 6, .ofs_x = 5, .ofs_y = 5},/*(()*/
    {.bitmap_index = 532,	.adv_w = 7, .box_h = 21, .box_w = 6, .ofs_x = 1, .ofs_y = 5},/*())*/
    {.bitmap_index = 595,	.adv_w = 12, .box_h = 12, .box_w = 12, .ofs_x = 0, .ofs_y = 10},/*(*)*/
    {.bitmap_index = 667,	.adv_w = 12, .box_h = 11, .box_w = 12, .ofs_x = 1, .ofs_y = 10},/*(+)*/
    {.bitmap_index = 733,	.adv_w = 5, .box_h = 6, .box_w = 4, .ofs_x = 1, .ofs_y = 4},/*(,)*/
    {.bitmap_index = 745,	.adv_w = 12, .box_h = 1, .box_w = 12, .ofs_x = 0, .ofs_y = 15},/*(-)*/
    {.bitmap_index = 751,	.adv_w = 5, .box_h = 3, .box_w = 4, .ofs_x = 1, .ofs_y = 7},/*(.)*/
    {.bitmap_index = 757,	.adv_w = 12, .box_h = 21, .box_w = 12, .ofs_x = 0, .ofs_y = 5},/*(/)*/
    {.bitmap_index = 883,	.adv_w = 11, .box_h = 16, .box_w = 10, .ofs_x = 1, .ofs_y = 7},/*(0)*/
    {.bitmap_index = 963,	.adv_w = 10, .box_h = 16, .box_w = 8, .ofs_x = 2, .ofs_y = 7},/*(1)*/
    {.bitmap_index = 1027,	.adv_w = 11, .box_h = 16, .box_w = 10, .ofs_x = 1, .ofs_y = 7},/*(2)*/
    {.bitmap_index = 1107,	.adv_w = 11, .box_h = 16, .box_w = 10, .ofs_x = 1, .ofs_y = 7},/*(3)*/
    {.bitmap_index = 1187,	.adv_w = 12, .box_h = 17, .box_w = 12, .ofs_x = 0, .ofs_y = 7},/*(4)*/
    {.bitmap_index = 1289,	.adv_w = 11, .box_h = 16, .box_w = 10, .ofs_x = 1, .ofs_y = 7},/*(5)*/
    {.bitmap_index = 1369,	.adv_w = 11, .box_h = 16, .box_w = 10, .ofs_x = 1, .ofs_y = 7},/*(6)*/
    {.bitmap_index = 1449,	.adv_w = 11, .box_h = 16, .box_w = 10, .ofs_x = 1, .ofs_y = 7},/*(7)*/
    {.bitmap_index = 1529,	.adv_w = 11, .box_h = 16, .box_w = 10, .ofs_x = 1, .ofs_y = 7},/*(8)*/
    {.bitmap_index = 1609,	.adv_w = 11, .box_h = 16, .box_w = 10, .ofs_x = 1, .ofs_y = 7},/*(9)*/
    {.bitmap_index = 1689,	.adv_w = 8, .box_h = 12, .box_w = 4, .ofs_x = 4, .ofs_y = 7},/*(:)*/
    {.bitmap_index = 1713,	.adv_w = 7, .box_h = 13, .box_w = 4, .ofs_x = 4, .ofs_y = 5},/*(;)*/
    {.bitmap_index = 1739,	.adv_w = 11, .box_h = 17, .box_w = 10, .ofs_x = 1, .ofs_y = 7},/*(<)*/
    {.bitmap_index = 1824,	.adv_w = 12, .box_h = 6, .box_w = 12, .ofs_x = 0, .ofs_y = 12},/*(=)*/
    {.bitmap_index = 1860,	.adv_w = 11, .box_h = 17, .box_w = 10, .ofs_x = 1, .ofs_y = 7},/*(>)*/
    {.bitmap_index = 1945,	.adv_w = 11, .box_h = 17, .box_w = 10, .ofs_x = 1, .ofs_y = 7},/*(?)*/
    {.bitmap_index = 2030,	.adv_w = 12, .box_h = 16, .box_w = 12, .ofs_x = 0, .ofs_y = 7},/*(@)*/
    {.bitmap_index = 2126,	.adv_w = 12, .box_h = 16, .box_w = 12, .ofs_x = 0, .ofs_y = 7},/*(A)*/
    {.bitmap_index = 2222,	.adv_w = 12, .box_h = 16, .box_w = 12, .ofs_x = 0, .ofs_y = 7},/*(B)*/
    {.bitmap_index = 2318,	.adv_w = 12, .box_h = 16, .box_w = 12, .ofs_x = 0, .ofs_y = 7},/*(C)*/
    {.bitmap_index = 2414,	.adv_w = 12, .box_h = 16, .box_w = 12, .ofs_x = 0, .ofs_y = 7},/*(D)*/
    {.bitmap_index = 2510,	.adv_w = 12, .box_h = 16, .box_w = 12, .ofs_x = 0, .ofs_y = 7},/*(E)*/
    {.bitmap_index = 2606,	.adv_w = 12, .box_h = 16, .box_w = 12, .ofs_x = 0, .ofs_y = 7},/*(F)*/
    {.bitmap_index = 2702,	.adv_w = 12, .box_h = 16, .box_w = 12, .ofs_x = 0, .ofs_y = 7},/*(G)*/
    {.bitmap_index = 2798,	.adv_w = 12, .box_h = 16, .box_w = 12, .ofs_x = 0, .ofs_y = 7},/*(H)*/
    {.bitmap_index = 2894,	.adv_w = 10, .box_h = 16, .box_w = 8, .ofs_x = 2, .ofs_y = 7},/*(I)*/
    {.bitmap_index = 2958,	.adv_w = 12, .box_h = 19, .box_w = 12, .ofs_x = 0, .ofs_y = 4},/*(J)*/
    {.bitmap_index = 3072,	.adv_w = 12, .box_h = 16, .box_w = 12, .ofs_x = 0, .ofs_y = 7},/*(K)*/
    {.bitmap_index = 3168,	.adv_w = 12, .box_h = 16, .box_w = 12, .ofs_x = 0, .ofs_y = 7},/*(L)*/
    {.bitmap_index = 3264,	.adv_w = 12, .box_h = 16, .box_w = 12, .ofs_x = 0, .ofs_y = 7},/*(M)*/
    {.bitmap_index = 3360,	.adv_w = 12, .box_h = 16, .box_w = 12, .ofs_x = 0, .ofs_y = 7},/*(N)*/
    {.bitmap_index = 3456,	.adv_w = 12, .box_h = 16, .box_w = 12, .ofs_x = 0, .ofs_y = 7},/*(O)*/
    {.bitmap_index = 3552,	.adv_w = 12, .box_h = 16, .box_w = 12, .ofs_x = 0, .ofs_y = 7},/*(P)*/
    {.bitmap_index = 3648,	.adv_w = 12, .box_h = 18, .box_w = 12, .ofs_x = 0, .ofs_y = 5},/*(Q)*/
    {.bitmap_index = 3756,	.adv_w = 12, .box_h = 16, .box_w = 12, .ofs_x = 0, .ofs_y = 7},/*(R)*/
    {.bitmap_index = 3852,	.adv_w = 11, .box_h = 16, .box_w = 10, .ofs_x = 1, .ofs_y = 7},/*(S)*/
    {.bitmap_index = 3932,	.adv_w = 12, .box_h = 16, .box_w = 12, .ofs_x = 0, .ofs_y = 7},/*(T)*/
    {.bitmap_index = 4028,	.adv_w = 12, .box_h = 16, .box_w = 12, .ofs_x = 0, .ofs_y = 7},/*(U)*/
    {.bitmap_index = 4124,	.adv_w = 12, .box_h = 16, .box_w = 12, .ofs_x = 0, .ofs_y = 7},/*(V)*/
    {.bitmap_index = 4220,	.adv_w = 12, .box_h = 16, .box_w = 12, .ofs_x = 0, .ofs_y = 7},/*(W)*/
    {.bitmap_index = 4316,	.adv_w = 12, .box_h = 16, .box_w = 12, .ofs_x = 0, .ofs_y = 7},/*(X)*/
    {.bitmap_index = 4412,	.adv_w = 12, .box_h = 16, .box_w = 12, .ofs_x = 0, .ofs_y = 7},/*(Y)*/
    {.bitmap_index = 4508,	.adv_w = 11, .box_h = 16, .box_w = 12, .ofs_x = 0, .ofs_y = 7},/*(Z)*/
    {.bitmap_index = 4604,	.adv_w = 11, .box_h = 21, .box_w = 8, .ofs_x = 4, .ofs_y = 5},/*([)*/
    {.bitmap_index = 4688,	.adv_w = 11, .box_h = 21, .box_w = 10, .ofs_x = 1, .ofs_y = 4},/*(\)*/
    {.bitmap_index = 4793,	.adv_w = 8, .box_h = 21, .box_w = 8, .ofs_x = 1, .ofs_y = 5},/*(])*/
    {.bitmap_index = 4877,	.adv_w = 10, .box_h = 3, .box_w = 8, .ofs_x = 2, .ofs_y = 23},/*(^)*/
    {.bitmap_index = 4889,	.adv_w = 12, .box_h = 1, .box_w = 12, .ofs_x = 0, .ofs_y = 4},/*(_)*/
    {.bitmap_index = 4895,	.adv_w = 7, .box_h = 2, .box_w = 6, .ofs_x = 1, .ofs_y = 24},/*(`)*/
    {.bitmap_index = 4901,	.adv_w = 12, .box_h = 11, .box_w = 12, .ofs_x = 1, .ofs_y = 7},/*(a)*/
    {.bitmap_index = 4967,	.adv_w = 11, .box_h = 17, .box_w = 12, .ofs_x = 0, .ofs_y = 7},/*(b)*/
    {.bitmap_index = 5069,	.adv_w = 11, .box_h = 11, .box_w = 10, .ofs_x = 1, .ofs_y = 7},/*(c)*/
    {.bitmap_index = 5124,	.adv_w = 12, .box_h = 17, .box_w = 12, .ofs_x = 1, .ofs_y = 7},/*(d)*/
    {.bitmap_index = 5226,	.adv_w = 11, .box_h = 11, .box_w = 10, .ofs_x = 1, .ofs_y = 7},/*(e)*/
    {.bitmap_index = 5281,	.adv_w = 12, .box_h = 16, .box_w = 12, .ofs_x = 1, .ofs_y = 7},/*(f)*/
    {.bitmap_index = 5377,	.adv_w = 12, .box_h = 14, .box_w = 12, .ofs_x = 1, .ofs_y = 4},/*(g)*/
    {.bitmap_index = 5461,	.adv_w = 12, .box_h = 17, .box_w = 12, .ofs_x = 0, .ofs_y = 7},/*(h)*/
    {.bitmap_index = 5563,	.adv_w = 10, .box_h = 16, .box_w = 8, .ofs_x = 2, .ofs_y = 7},/*(i)*/
    {.bitmap_index = 5627,	.adv_w = 10, .box_h = 19, .box_w = 10, .ofs_x = 1, .ofs_y = 4},/*(j)*/
    {.bitmap_index = 5722,	.adv_w = 12, .box_h = 17, .box_w = 12, .ofs_x = 0, .ofs_y = 7},/*(k)*/
    {.bitmap_index = 5824,	.adv_w = 10, .box_h = 17, .box_w = 8, .ofs_x = 2, .ofs_y = 7},/*(l)*/
    {.bitmap_index = 5892,	.adv_w = 12, .box_h = 11, .box_w = 12, .ofs_x = 0, .ofs_y = 7},/*(m)*/
    {.bitmap_index = 5958,	.adv_w = 12, .box_h = 11, .box_w = 12, .ofs_x = 0, .ofs_y = 7},/*(n)*/
    {.bitmap_index = 6024,	.adv_w = 11, .box_h = 11, .box_w = 10, .ofs_x = 1, .ofs_y = 7},/*(o)*/
    {.bitmap_index = 6079,	.adv_w = 11, .box_h = 14, .box_w = 12, .ofs_x = 0, .ofs_y = 4},/*(p)*/
    {.bitmap_index = 6163,	.adv_w = 12, .box_h = 14, .box_w = 12, .ofs_x = 1, .ofs_y = 4},/*(q)*/
    {.bitmap_index = 6247,	.adv_w = 11, .box_h = 11, .box_w = 12, .ofs_x = 0, .ofs_y = 7},/*(r)*/
    {.bitmap_index = 6313,	.adv_w = 11, .box_h = 11, .box_w = 10, .ofs_x = 1, .ofs_y = 7},/*(s)*/
    {.bitmap_index = 6368,	.adv_w = 11, .box_h = 15, .box_w = 10, .ofs_x = 1, .ofs_y = 7},/*(t)*/
    {.bitmap_index = 6443,	.adv_w = 12, .box_h = 12, .box_w = 12, .ofs_x = 0, .ofs_y = 7},/*(u)*/
    {.bitmap_index = 6515,	.adv_w = 11, .box_h = 11, .box_w = 12, .ofs_x = 0, .ofs_y = 7},/*(v)*/
    {.bitmap_index = 6581,	.adv_w = 12, .box_h = 11, .box_w = 12, .ofs_x = 0, .ofs_y = 7},/*(w)*/
    {.bitmap_index = 6647,	.adv_w = 11, .box_h = 11, .box_w = 12, .ofs_x = 0, .ofs_y = 7},/*(x)*/
    {.bitmap_index = 6713,	.adv_w = 12, .box_h = 14, .box_w = 12, .ofs_x = 1, .ofs_y = 4},/*(y)*/
    {.bitmap_index = 6797,	.adv_w = 11, .box_h = 11, .box_w = 10, .ofs_x = 1, .ofs_y = 7},/*(z)*/
    {.bitmap_index = 6852,	.adv_w = 11, .box_h = 21, .box_w = 6, .ofs_x = 5, .ofs_y = 5},/*({)*/
    {.bitmap_index = 6915,	.adv_w = 7, .box_h = 24, .box_w = 2, .ofs_x = 5, .ofs_y = 4},/*(|)*/
    {.bitmap_index = 6939,	.adv_w = 7, .box_h = 21, .box_w = 6, .ofs_x = 1, .ofs_y = 5},/*(})*/
    {.bitmap_index = 7002,	.adv_w = 12, .box_h = 5, .box_w = 12, .ofs_x = 0, .ofs_y = 22},/*(~)*/
    {.bitmap_index = 7032,	.adv_w = 12, .box_h = 0, .box_w = 12, .ofs_x = 0, .ofs_y = 7},/*()*/
    {.bitmap_index = 7032,	.adv_w = 9, .box_h = 7, .box_w = 6, .ofs_x = 3, .ofs_y = 6},/*(。)*/
    {.bitmap_index = 7053,	.adv_w = 22, .box_h = 23, .box_w = 20, .ofs_x = 3, .ofs_y = 4},/*(中)*/
    {.bitmap_index = 7283,	.adv_w = 23, .box_h = 23, .box_w = 24, .ofs_x = 0, .ofs_y = 4},/*(件)*/
    {.bitmap_index = 7559,	.adv_w = 23, .box_h = 23, .box_w = 22, .ofs_x = 1, .ofs_y = 4},/*(候)*/
    {.bitmap_index = 7812,	.adv_w = 23, .box_h = 23, .box_w = 22, .ofs_x = 1, .ofs_y = 4},/*(到)*/
    {.bitmap_index = 8065,	.adv_w = 23, .box_h = 23, .box_w = 22, .ofs_x = 1, .ofs_y = 4},/*(升)*/
    {.bitmap_index = 8318,	.adv_w = 23, .box_h = 23, .box_w = 22, .ofs_x = 1, .ofs_y = 4},/*(否)*/
    {.bitmap_index = 8571,	.adv_w = 23, .box_h = 23, .box_w = 24, .ofs_x = 0, .ofs_y = 4},/*(在)*/
    {.bitmap_index = 8847,	.adv_w = 24, .box_h = 23, .box_w = 24, .ofs_x = 1, .ofs_y = 4},/*(收)*/
    {.bitmap_index = 9123,	.adv_w = 23, .box_h = 23, .box_w = 22, .ofs_x = 1, .ofs_y = 4},/*(文)*/
    {.bitmap_index = 9376,	.adv_w = 23, .box_h = 22, .box_w = 22, .ofs_x = 1, .ofs_y = 5},/*(是)*/
    {.bitmap_index = 9618,	.adv_w = 24, .box_h = 23, .box_w = 24, .ofs_x = 0, .ofs_y = 4},/*(机)*/
    {.bitmap_index = 9894,	.adv_w = 23, .box_h = 23, .box_w = 24, .ofs_x = 0, .ofs_y = 4},/*(检)*/
    {.bitmap_index = 10170,	.adv_w = 23, .box_h = 20, .box_w = 22, .ofs_x = 1, .ofs_y = 6},/*(正)*/
    {.bitmap_index = 10390,	.adv_w = 23, .box_h = 23, .box_w = 22, .ofs_x = 1, .ofs_y = 4},/*(测)*/
    {.bitmap_index = 10643,	.adv_w = 22, .box_h = 23, .box_w = 22, .ofs_x = 1, .ofs_y = 4},/*(稍)*/
    {.bitmap_index = 10896,	.adv_w = 23, .box_h = 23, .box_w = 22, .ofs_x = 1, .ofs_y = 4},/*(级)*/
    {.bitmap_index = 11149,	.adv_w = 23, .box_h = 23, .box_w = 24, .ofs_x = 0, .ofs_y = 4},/*(请)*/
    {.bitmap_index = 11425,	.adv_w = 23, .box_h = 23, .box_w = 22, .ofs_x = 1, .ofs_y = 4},/*(音)*/
    {.bitmap_index = 11678,	.adv_w = 7, .box_h = 7, .box_w = 6, .ofs_x = 2, .ofs_y = 6},/*(，)*/
    {.bitmap_index = 11699,	.adv_w = 12, .box_h = 17, .box_w = 10, .ofs_x = 3, .ofs_y = 8},/*(？)*/
};


static const uint16_t unicode_list_1[] = {
    0x000a,	/*(
)*/
    0x0020,	/*( )*/
    0x0021,	/*(!)*/
    0x0022,	/*(")*/
    0x0023,	/*(#)*/
    0x0024,	/*($)*/
    0x0025,	/*(%)*/
    0x0026,	/*(&)*/
    0x0027,	/*(')*/
    0x0028,	/*(()*/
    0x0029,	/*())*/
    0x002a,	/*(*)*/
    0x002b,	/*(+)*/
    0x002c,	/*(,)*/
    0x002d,	/*(-)*/
    0x002e,	/*(.)*/
    0x002f,	/*(/)*/
    0x0030,	/*(0)*/
    0x0031,	/*(1)*/
    0x0032,	/*(2)*/
    0x0033,	/*(3)*/
    0x0034,	/*(4)*/
    0x0035,	/*(5)*/
    0x0036,	/*(6)*/
    0x0037,	/*(7)*/
    0x0038,	/*(8)*/
    0x0039,	/*(9)*/
    0x003a,	/*(:)*/
    0x003b,	/*(;)*/
    0x003c,	/*(<)*/
    0x003d,	/*(=)*/
    0x003e,	/*(>)*/
    0x003f,	/*(?)*/
    0x0040,	/*(@)*/
    0x0041,	/*(A)*/
    0x0042,	/*(B)*/
    0x0043,	/*(C)*/
    0x0044,	/*(D)*/
    0x0045,	/*(E)*/
    0x0046,	/*(F)*/
    0x0047,	/*(G)*/
    0x0048,	/*(H)*/
    0x0049,	/*(I)*/
    0x004a,	/*(J)*/
    0x004b,	/*(K)*/
    0x004c,	/*(L)*/
    0x004d,	/*(M)*/
    0x004e,	/*(N)*/
    0x004f,	/*(O)*/
    0x0050,	/*(P)*/
    0x0051,	/*(Q)*/
    0x0052,	/*(R)*/
    0x0053,	/*(S)*/
    0x0054,	/*(T)*/
    0x0055,	/*(U)*/
    0x0056,	/*(V)*/
    0x0057,	/*(W)*/
    0x0058,	/*(X)*/
    0x0059,	/*(Y)*/
    0x005a,	/*(Z)*/
    0x005b,	/*([)*/
    0x005c,	/*(\)*/
    0x005d,	/*(])*/
    0x005e,	/*(^)*/
    0x005f,	/*(_)*/
    0x0060,	/*(`)*/
    0x0061,	/*(a)*/
    0x0062,	/*(b)*/
    0x0063,	/*(c)*/
    0x0064,	/*(d)*/
    0x0065,	/*(e)*/
    0x0066,	/*(f)*/
    0x0067,	/*(g)*/
    0x0068,	/*(h)*/
    0x0069,	/*(i)*/
    0x006a,	/*(j)*/
    0x006b,	/*(k)*/
    0x006c,	/*(l)*/
    0x006d,	/*(m)*/
    0x006e,	/*(n)*/
    0x006f,	/*(o)*/
    0x0070,	/*(p)*/
    0x0071,	/*(q)*/
    0x0072,	/*(r)*/
    0x0073,	/*(s)*/
    0x0074,	/*(t)*/
    0x0075,	/*(u)*/
    0x0076,	/*(v)*/
    0x0077,	/*(w)*/
    0x0078,	/*(x)*/
    0x0079,	/*(y)*/
    0x007a,	/*(z)*/
    0x007b,	/*({)*/
    0x007c,	/*(|)*/
    0x007d,	/*(})*/
    0x007e,	/*(~)*/
    0x007f,	/*()*/
    0x3002,	/*(。)*/
    0x4e2d,	/*(中)*/
    0x4ef6,	/*(件)*/
    0x5019,	/*(候)*/
    0x5230,	/*(到)*/
    0x5347,	/*(升)*/
    0x5426,	/*(否)*/
    0x5728,	/*(在)*/
    0x6536,	/*(收)*/
    0x6587,	/*(文)*/
    0x662f,	/*(是)*/
    0x673a,	/*(机)*/
    0x68c0,	/*(检)*/
    0x6b63,	/*(正)*/
    0x6d4b,	/*(测)*/
    0x7a0d,	/*(稍)*/
    0x7ea7,	/*(级)*/
    0x8bf7,	/*(请)*/
    0x97f3,	/*(音)*/
    0xff0c,	/*(，)*/
    0xff1f,	/*(？)*/
    0x0000,    /*End indicator*/
};


static const lv_font_fmt_txt_cmap_t cmaps[] = {
    {
        .range_start = 0x000a,
        .range_length = 0xff1f,
        .type = LV_FONT_FMT_TXT_CMAP_SPARSE_TINY,
        .glyph_id_start = 0,
        .unicode_list = unicode_list_1,
        .glyph_id_ofs_list = NULL,
        .list_length = 118,
    }
};


static lv_font_fmt_txt_dsc_t font_dsc = {
    .glyph_bitmap = glyph_bitmap,
    .glyph_dsc = glyph_dsc,
    .cmaps = cmaps,
    .cmap_num = 1,
    .bpp = 4,

    .kern_scale = 0,
    .kern_dsc = NULL,
    .kern_classes = 0,

    .last_letter = 0xff1f,
    .last_glyph_id = 117,
};


static int binsearch(const uint16_t *sortedSeq, int seqLength, uint16_t keyData) {
    int low = 0, mid, high = seqLength - 1;
    while (low <= high) {
        mid = (low + high)>>1;//右移1位等于是/2，奇数，无论奇偶，有个值就行
        if (keyData < sortedSeq[mid]) {
            high = mid - 1;//是mid-1，因为mid已经比较过了
        }
        else if (keyData > sortedSeq[mid]) {
            low = mid + 1;
        }
        else {
            return mid;
        }
    }
    return -1;
}


static const uint8_t * __user_font_get_bitmap(const lv_font_t * font, uint32_t unicode_letter) {
    lv_font_fmt_txt_dsc_t * fdsc = (lv_font_fmt_txt_dsc_t *) font->dsc;

    if( unicode_letter<fdsc->cmaps[0].range_start || unicode_letter>fdsc->cmaps[0].range_length ) return false;

    int i;
    if( unicode_letter==fdsc->last_letter ){
        i = fdsc->last_glyph_id;
    }
    else{
        i = binsearch(fdsc->cmaps[0].unicode_list, fdsc->cmaps[0].list_length, unicode_letter);
    }
    if( i != -1 ) {
        const lv_font_fmt_txt_glyph_dsc_t * gdsc = &fdsc->glyph_dsc[i];
        fdsc->last_glyph_id = i;
        fdsc->last_letter = unicode_letter;
        return &fdsc->glyph_bitmap[gdsc->bitmap_index];
    }
    return NULL;
}


static bool __user_font_get_glyph_dsc(const lv_font_t * font, lv_font_glyph_dsc_t * dsc_out, uint32_t unicode_letter, uint32_t unicode_letter_next) {
    lv_font_fmt_txt_dsc_t * fdsc = (lv_font_fmt_txt_dsc_t *) font->dsc;

    if( unicode_letter<fdsc->cmaps[0].range_start || unicode_letter>fdsc->cmaps[0].range_length ) return false;

    int i;
    if( unicode_letter==fdsc->last_letter ){
        i = fdsc->last_glyph_id;
    }
    else{
        i = binsearch(fdsc->cmaps[0].unicode_list, fdsc->cmaps[0].list_length, unicode_letter);
    }
    if( i != -1 ) {
        const lv_font_fmt_txt_glyph_dsc_t * gdsc = &fdsc->glyph_dsc[i];
        fdsc->last_glyph_id = i;
        fdsc->last_letter = unicode_letter;
        dsc_out->adv_w = gdsc->adv_w;
        dsc_out->box_h = gdsc->box_h;
        dsc_out->box_w = gdsc->box_w;
        dsc_out->ofs_x = gdsc->ofs_x;
        dsc_out->ofs_y = gdsc->ofs_y;
        dsc_out->bpp   = fdsc->bpp;
        return true;
    }
    return false;
}


//SimSun,,-1
//字模高度：27
//内部字体
//使用排序和二分查表
lv_font_t myFont24 = {
    .dsc = &font_dsc,
    .get_glyph_bitmap = __user_font_get_bitmap,
    .get_glyph_dsc = __user_font_get_glyph_dsc,
    .line_height = 27,
    .base_line = 0,
};

#endif
